white_gi,black_gi,white_missed_points,black_missed_points,white_acpl,black_acpl,White,Black,Event,Site,Round,WhiteElo,BlackElo,WhiteResult,BlackResult,Date,white_move_number,black_move_number,white_gi_permove,black_gi_permove,white_missed_points_permove,black_missed_points_permove,white_gi_raw,black_gi_raw,counts.white_inaccuracy,counts.white_mistake,counts.white_blunder,counts.black_inaccuracy,counts.black_mistake,counts.black_blunder,counts.white_deepthink,counts.black_deepthink,counts.white_critical_position,counts.black_critical_position,counts.blunder_positions,counts.critical_positions
160.0,131.0,0.87,1.36,11.52,22.85,Erigaisi Arjun,Gukesh D,Norway Chess 2025,"Stavanger, Norway",3.1,2782,2787,1.0,0.0,????.??.??,62,61,2.6,2.1,0.01,0.02,0.13,-1.43,0,0,2,0,0,3,0,0,3,2,"[{'turn': 'Black', 'fen': '1rb5/3n1pkp/2B1pp2/1p6/2p2PP1/2P1q1N1/4P2P/3Q1R1K b - - 2 26', 'move_number': 27, 'move': 'b8b6', 'prev_move': 'g2c6', 'time_diff': '0:03:24', 'exp_point_loss': 0.4925}, {'turn': 'White', 'fen': '5qk1/3Q3p/4p3/1p1b1p1N/5PP1/2P5/7P/6K1 w - - 2 40', 'move_number': 40, 'move': 'g4f5', 'prev_move': 'e4d5', 'time_diff': '0:04:06', 'exp_point_loss': 0.4945}, {'turn': 'Black', 'fen': '8/4k2p/8/5P2/1pbP1P2/6N1/3K3P/8 b - - 5 48', 'move_number': 49, 'move': 'e7d6', 'prev_move': 'e3d2', 'time_diff': '0:00:21', 'exp_point_loss': 0.353}, {'turn': 'White', 'fen': '8/7p/8/3k1P2/2bPNP2/1p2K3/7P/8 w - - 0 51', 'move_number': 51, 'move': 'f5f6', 'prev_move': 'b4b3', 'time_diff': '0:00:55', 'exp_point_loss': 0.4955}, {'turn': 'Black', 'fen': '8/5k1p/5P2/2N2P2/2bP4/8/1K5P/8 b - - 0 56', 'move_number': 57, 'move': 'c4f1', 'prev_move': 'c2b2', 'time_diff': '0:00:29', 'exp_point_loss': 0.486}]","[{'turn': 'Black', 'fen': 'rnbq1rk1/ppp2ppp/4pn2/8/P1pP4/2P3P1/4PPBP/R1BQK1NR b KQ - 0 8', 'move_number': 9, 'move': 'c7c5', 'prev_move': 'a3a4', 'time_diff': '0:18:25', 'exp_point_loss': 0}, {'turn': 'Black', 'fen': 'rnb2rk1/pp3ppp/4pn2/q1p5/P1pP4/B1P3P1/2Q1PPBP/R3K1NR b KQ - 3 10', 'move_number': 11, 'move': 'f8d8', 'prev_move': 'd1c2', 'time_diff': '0:28:50', 'exp_point_loss': 0.0020000000000000018}, {'turn': 'White', 'fen': '1rb3k1/ppqr1p1p/n3pp2/P7/2p5/2P3P1/2QNPPBP/R3K2R w KQ - 1 17', 'move_number': 17, 'move': 'e1g1', 'prev_move': 'a8b8', 'time_diff': '0:15:52', 'exp_point_loss': 0.0005000000000000004}, {'turn': 'White', 'fen': '1rb5/3r1pkp/1p2pp2/2n1q3/2p3P1/2P3N1/2Q1PPBP/R4RK1 w - - 3 22', 'move_number': 22, 'move': 'a1d1', 'prev_move': 'c7e5', 'time_diff': '0:26:42', 'exp_point_loss': 0}, {'turn': 'White', 'fen': '2b5/3n1pkp/1rB1pp2/1p6/2p2PP1/2P1q1N1/4P2P/3Q1R1K w - - 3 27', 'move_number': 27, 'move': 'g3h5', 'prev_move': 'b8b6', 'time_diff': '0:17:03', 'exp_point_loss': 0}]"
160.5,160.9,0.04,0.04,2.86,2.1,Tingjie Lei,Anna Muzychuk,Norway Chess 2025 - Women,"Stavanger, Norway",5.2,2552,2526,0.5,0.5,????.??.??,21,20,7.6,8.0,0.0,0.0,0.16,0.18,0,0,0,0,0,0,0,0,1,0,[],"[{'turn': 'White', 'fen': 'rqr3k1/1p1bbppp/p3pnn1/8/2PQ4/1NN1B2P/PP3PP1/R2R1BK1 w - - 1 17', 'move_number': 17, 'move': 'd4d3', 'prev_move': 'f8c8', 'time_diff': '0:22:45', 'exp_point_loss': 0}]"
149.5,149.2,0.78,0.77,9.92,9.69,Anna Muzychuk,Wenjun Ju,Norway Chess 2025 - Women,"Stavanger, Norway",9.2,2526,2580,0.5,0.5,????.??.??,36,35,4.2,4.3,0.02,0.02,-0.43,-0.45,0,0,2,0,0,2,0,0,1,1,"[{'turn': 'Black', 'fen': '6k1/5pp1/p2p4/3P4/3QP2p/1r3PqP/1P2R1P1/7K b - - 7 33', 'move_number': 34, 'move': 'b3b5', 'prev_move': 'c2e2', 'time_diff': '0:07:48', 'exp_point_loss': 0.2985}, {'turn': 'White', 'fen': '6k1/5pp1/p2p4/1r1P4/3QP2p/5PqP/1P2R1P1/7K w - - 8 34', 'move_number': 34, 'move': 'e2c2', 'prev_move': 'b3b5', 'time_diff': '0:03:26', 'exp_point_loss': 0.3635}, {'turn': 'Black', 'fen': '6k1/5pp1/p2p4/3P4/3QP2p/1r3PqP/1P2R1P1/7K b - - 11 35', 'move_number': 36, 'move': 'b3b5', 'prev_move': 'c2e2', 'time_diff': '0:00:40', 'exp_point_loss': 0.317}, {'turn': 'White', 'fen': '6k1/5pp1/p2p4/1r1P4/3QP2p/5PqP/1P2R1P1/7K w - - 12 36', 'move_number': 36, 'move': 'e2c2', 'prev_move': 'b3b5', 'time_diff': '0:01:57', 'exp_point_loss': 0.437}]","[{'turn': 'Black', 'fen': 'r4qk1/1pp2pp1/p2p1n2/P2P3p/3Q4/2NP3P/1P3PP1/2R3K1 b - - 0 23', 'move_number': 24, 'move': 'f8e8', 'prev_move': 'c2d3', 'time_diff': '0:24:41', 'exp_point_loss': 0}, {'turn': 'White', 'fen': 'r5k1/1pp2pp1/p2p4/Pq1P3p/3QP3/7P/1P3PP1/2R3K1 w - - 1 26', 'move_number': 26, 'move': 'c1c7', 'prev_move': 'e8b5', 'time_diff': '0:26:59', 'exp_point_loss': 0.012500000000000011}]"
149.4,148.9,0.95,0.94,5.61,5.45,Erigaisi Arjun,Hikaru Nakamura,Norway Chess 2025,"Stavanger, Norway",9.1,2782,2804,0.5,0.5,????.??.??,76,75,2.0,2.0,0.01,0.01,-0.44,-0.47,4,0,1,0,0,2,0,0,3,2,"[{'turn': 'Black', 'fen': '5b1r/pp3kpp/2p2p2/2n5/PP1N1B1P/4R1P1/2K1P3/8 b - - 0 27', 'move_number': 28, 'move': 'c5d7', 'prev_move': 'b2b4', 'time_diff': '0:10:23', 'exp_point_loss': 0.48450000000000004}, {'turn': 'White', 'fen': '7r/1p2bk1p/pnp2pp1/5N2/PP2PB1P/1K1R2P1/8/8 w - - 0 32', 'move_number': 32, 'move': 'a4a5', 'prev_move': 'g7g6', 'time_diff': '0:06:09', 'exp_point_loss': 0.45500000000000007}, {'turn': 'Black', 'fen': '7r/1p2bk1p/pPp2p2/5p2/1P2PB1P/1K1R2P1/8/8 b - - 0 33', 'move_number': 34, 'move': 'h8d8', 'prev_move': 'a5b6', 'time_diff': '0:00:38', 'exp_point_loss': 0.4794999999999999}]","[{'turn': 'Black', 'fen': 'r3kb1r/ppqn2pp/2p2p2/4n3/P1N2B1P/2N3PR/1P2PP2/R2QK3 b Qkq - 0 13', 'move_number': 14, 'move': 'a8d8', 'prev_move': 'h1h3', 'time_diff': '0:27:58', 'exp_point_loss': 0}, {'turn': 'White', 'fen': '3rkb1r/ppqn2pp/2p2p2/4n3/P1N2B1P/2N3PR/1P2PP2/R2QK3 w Qk - 1 14', 'move_number': 14, 'move': 'd1c2', 'prev_move': 'a8d8', 'time_diff': '0:27:00', 'exp_point_loss': 0}, {'turn': 'Black', 'fen': '3rkb1r/pp4pp/2p1qp2/2n1n3/P4B1P/2N3P1/1PQNPP2/2KR3R b k - 8 17', 'move_number': 18, 'move': 'd8d4', 'prev_move': 'e1c1', 'time_diff': '0:25:33', 'exp_point_loss': 0.02250000000000002}, {'turn': 'White', 'fen': '4kb1r/pp4pp/2p1qp2/2n1n3/P2r1B1P/2N3P1/1PQNPP2/2KR3R w k - 9 18', 'move_number': 18, 'move': 'c1b1', 'prev_move': 'd8d4', 'time_diff': '0:28:35', 'exp_point_loss': 0.012500000000000011}, {'turn': 'White', 'fen': '4kb1r/pp4pp/2p1qp2/2n5/P2r1BnP/2N3P1/1PQNPP2/1K1R3R w k - 11 19', 'move_number': 19, 'move': 'd2f3', 'prev_move': 'e5g4', 'time_diff': '0:15:30', 'exp_point_loss': 0.020500000000000018}]"
145.4,172.1,0.61,0.11,23.96,6.29,Yi Wei,Fabiano Caruana,Norway Chess 2025,"Stavanger, Norway",3.3,2758,2776,0.0,1.0,????.??.??,28,28,5.2,6.1,0.02,0.0,-0.65,0.79,0,0,1,1,0,0,0,0,3,1,"[{'turn': 'White', 'fen': '3rk2r/1p4p1/p4p2/1b3R1p/4P2P/3P2P1/qB2Q3/3R2K1 w k - 0 25', 'move_number': 25, 'move': 'f5h5', 'prev_move': 'e6a2', 'time_diff': '0:08:09', 'exp_point_loss': 0.473}]","[{'turn': 'White', 'fen': 'r2qkb1r/pp1bnpp1/2n1p3/1Bpp3p/4P2P/2PP1N2/PP2QPP1/RNB1K2R w KQkq - 0 8', 'move_number': 8, 'move': 'e1g1', 'prev_move': 'h7h5', 'time_diff': '0:15:06', 'exp_point_loss': 0}, {'turn': 'White', 'fen': 'r2qkb1r/pp1bnpp1/2n1p3/1Bp4p/3pP2P/2PP1N2/PP2QPP1/RNB2RK1 w kq - 0 9', 'move_number': 9, 'move': 'b2b4', 'prev_move': 'd5d4', 'time_diff': '0:18:02', 'exp_point_loss': 0.020999999999999963}, {'turn': 'White', 'fen': '3rk2r/1p2npp1/p1b1q3/4p2p/4P2P/3PN1P1/PB2QP2/R4RK1 w k - 3 20', 'move_number': 20, 'move': 'f2f4', 'prev_move': 'g6e7', 'time_diff': '0:15:34', 'exp_point_loss': 0.020499999999999963}, {'turn': 'Black', 'fen': '3rk2r/1p2npp1/p1b1q3/4p2p/4PP1P/3PN1P1/PB2Q3/R4RK1 b k - 0 20', 'move_number': 21, 'move': 'c6b5', 'prev_move': 'f2f4', 'time_diff': '0:16:10', 'exp_point_loss': 0.009499999999999953}]"
137.5,138.9,1.11,1.11,13.83,13.23,Anna Muzychuk,Sarasadat Khademalsharieh,Norway Chess 2025 - Women,"Stavanger, Norway",1.1,2526,2449,0.5,0.5,????.??.??,30,30,4.6,4.6,0.04,0.04,-1.08,-1.01,1,1,2,0,1,2,1,0,1,2,"[{'turn': 'Black', 'fen': '3rq1k1/1b3ppp/p4b2/2p5/3P2Q1/PBP5/3B1PPP/4R1K1 b - - 1 20', 'move_number': 21, 'move': 'e8f8', 'prev_move': 'a1e1', 'time_diff': '0:14:45', 'exp_point_loss': 0.483}, {'turn': 'White', 'fen': '3r1qk1/1b3ppp/p4b2/2p5/3P2Q1/PBP5/3B1PPP/4R1K1 w - - 2 21', 'move_number': 21, 'move': 'g4g3', 'prev_move': 'e8f8', 'time_diff': '0:07:58', 'exp_point_loss': 0.4415}, {'turn': 'Black', 'fen': '3r1qk1/1b3ppp/p4b2/2p5/3P4/PBP3Q1/3B1PPP/4R1K1 b - - 3 21', 'move_number': 22, 'move': 'd8c8', 'prev_move': 'g4g3', 'time_diff': '0:15:26', 'exp_point_loss': 0.4285}, {'turn': 'White', 'fen': '2rq2k1/1b3ppp/p4b2/8/3P1B2/PB4Q1/5PPP/4R1K1 w - - 1 24', 'move_number': 24, 'move': 'f4d6', 'prev_move': 'f8d8', 'time_diff': '0:03:53', 'exp_point_loss': 0.3455}]","[{'turn': 'White', 'fen': 'r2qr1k1/1bp2ppp/p4b2/3n4/1p1P4/1BP5/PP1B1PPP/RN1QR1K1 w - - 0 15', 'move_number': 15, 'move': 'e1e8', 'prev_move': 'b5b4', 'time_diff': '0:22:06', 'exp_point_loss': 0}, {'turn': 'White', 'fen': '3rq1k1/1bp2ppp/p4b2/3n4/3P4/PBN5/1P1B1PPP/R2Q2K1 w - - 1 18', 'move_number': 18, 'move': 'd1g4', 'prev_move': 'a8d8', 'time_diff': '0:30:13', 'exp_point_loss': 0.09500000000000003}, {'turn': 'Black', 'fen': '3rq1k1/1bp2ppp/p4b2/3n4/3P2Q1/PBN5/1P1B1PPP/R5K1 b - - 2 18', 'move_number': 19, 'move': 'd5c3', 'prev_move': 'd1g4', 'time_diff': '0:21:25', 'exp_point_loss': 0}, {'turn': 'Black', 'fen': '3r1qk1/1b3ppp/p4b2/2p5/3P4/PBP3Q1/3B1PPP/4R1K1 b - - 3 21', 'move_number': 22, 'move': 'd8c8', 'prev_move': 'g4g3', 'time_diff': '0:15:26', 'exp_point_loss': 0.4285}]"
142.7,143.2,1.25,1.25,5.21,4.99,Gukesh D,Fabiano Caruana,Norway Chess 2025,"Stavanger, Norway",7.2,2787,2776,0.5,0.5,????.??.??,75,75,1.9,1.9,0.02,0.02,-0.8,-0.77,5,4,0,3,1,3,0,0,1,0,"[{'turn': 'Black', 'fen': 'r1r3k1/5pp1/4q2p/3np3/1p2n3/1Q2BN1P/1P3PP1/2R2RK1 b - - 1 35', 'move_number': 36, 'move': 'e4f6', 'prev_move': 'd2e3', 'time_diff': '0:03:11', 'exp_point_loss': 0.23150000000000004}, {'turn': 'Black', 'fen': '6k1/4npp1/4qn1p/8/3QP3/1p4NP/1Pr3P1/2B2RK1 b - - 2 45', 'move_number': 46, 'move': 'e7c6', 'prev_move': 'e1f1', 'time_diff': '0:01:00', 'exp_point_loss': 0.26049999999999995}, {'turn': 'Black', 'fen': '8/5ppk/2n2n1p/8/4PB2/1p4NP/1Pr2RP1/6K1 b - - 0 49', 'move_number': 50, 'move': 'c6b4', 'prev_move': 'c1f4', 'time_diff': '0:00:21', 'exp_point_loss': 0.475}]","[{'turn': 'White', 'fen': 'r4rk1/pb2qppp/5n2/4p3/1pB1n3/4BN1P/PP3PP1/2RQ1RK1 w - - 4 19', 'move_number': 19, 'move': 'd1b3', 'prev_move': 'c8b7', 'time_diff': '0:17:08', 'exp_point_loss': 0.005499999999999949}]"
169.6,141.1,0.36,0.85,11.62,29.76,Gukesh D,Hikaru Nakamura,Norway Chess 2025,"Stavanger, Norway",5.3,2787,2804,1.0,0.0,????.??.??,42,41,4.0,3.4,0.01,0.02,0.65,-0.89,1,1,0,3,0,1,0,0,1,2,"[{'turn': 'Black', 'fen': '6k1/p2q2p1/2N1p2p/1Pn5/7P/8/4QPP1/6K1 b - - 0 31', 'move_number': 32, 'move': 'd7d6', 'prev_move': 'h2h4', 'time_diff': '0:23:16', 'exp_point_loss': 0.459}]","[{'turn': 'Black', 'fen': 'r2q1rk1/p3b1p1/1pnppn1p/2p1p3/PPN1P3/2PP1N2/3B1PPP/R2QR1K1 b - - 1 14', 'move_number': 15, 'move': 'd8e8', 'prev_move': 'a3c4', 'time_diff': '0:15:41', 'exp_point_loss': 0.1225}, {'turn': 'White', 'fen': 'r2n1rk1/p3q1p1/1p2p2p/1P6/P1pR4/5N2/5PPP/R2Q2K1 w - - 0 22', 'move_number': 22, 'move': 'f3e5', 'prev_move': 'd5c4', 'time_diff': '0:18:22', 'exp_point_loss': 0.018500000000000016}, {'turn': 'Black', 'fen': '6k1/p2q2p1/2N1p2p/1Pn5/7P/8/4QPP1/6K1 b - - 0 31', 'move_number': 32, 'move': 'd7d6', 'prev_move': 'h2h4', 'time_diff': '0:23:16', 'exp_point_loss': 0.459}]"
125.2,96.5,2.64,3.13,51.76,195.03,Erigaisi Arjun,Fabiano Caruana,Norway Chess 2025,"Stavanger, Norway",15.1,2782,2777,1.0,0.0,????.??.??,71,70,1.8,1.4,0.04,0.04,-1.74,-3.29,3,1,5,3,1,6,0,0,2,1,"[{'turn': 'White', 'fen': '8/1Q4pk/p4p1p/2Bp4/1P2r2P/2P2qP1/4bP1K/6R1 w - - 6 38', 'move_number': 38, 'move': 'b7a7', 'prev_move': 'g6h7', 'time_diff': '0:05:05', 'exp_point_loss': 0.4059999999999999}, {'turn': 'Black', 'fen': '8/Q5pk/p4p1p/2Bp4/1P2r2P/2P2qP1/4bP1K/6R1 b - - 7 38', 'move_number': 39, 'move': 'f3f5', 'prev_move': 'b7a7', 'time_diff': '0:01:11', 'exp_point_loss': 0.3264999999999999}, {'turn': 'White', 'fen': '8/Q5pk/p4p1p/2Bp1q2/1P2r2P/2P3P1/4bP1K/6R1 w - - 8 39', 'move_number': 39, 'move': 'c5f8', 'prev_move': 'f3f5', 'time_diff': '0:01:53', 'exp_point_loss': 0.3214999999999999}, {'turn': 'Black', 'fen': '6k1/Q5p1/p4pqp/2Bp4/1P2r2P/2P3P1/4bP1K/4R3 b - - 13 41', 'move_number': 42, 'move': 'g6f5', 'prev_move': 'f8c5', 'time_diff': '0:00:33', 'exp_point_loss': 0.31999999999999995}, {'turn': 'White', 'fen': '6k1/Q5p1/p4p1p/2Bp1q2/1P2r2P/2P3P1/4bP1K/4R3 w - - 14 42', 'move_number': 42, 'move': 'a7c7', 'prev_move': 'g6f5', 'time_diff': '0:01:55', 'exp_point_loss': 0.37649999999999995}, {'turn': 'Black', 'fen': '6k1/2Q3p1/p4p1p/2Bp1q2/1P2r2P/2P3P1/4bP1K/4R3 b - - 15 42', 'move_number': 43, 'move': 'f5f3', 'prev_move': 'a7c7', 'time_diff': '0:01:13', 'exp_point_loss': 0.4525}, {'turn': 'White', 'fen': '6k1/3Q2p1/p4p2/2Bp3p/1Pb1r2P/2P2qP1/5P1K/6R1 w - - 2 45', 'move_number': 45, 'move': 'b4b5', 'prev_move': 'e2c4', 'time_diff': '0:00:36', 'exp_point_loss': 0.496}, {'turn': 'Black', 'fen': '6k1/3Q2p1/p4p2/1PBp3p/2b1r2P/2P2qP1/5P1K/6R1 b - - 0 45', 'move_number': 46, 'move': 'c4b5', 'prev_move': 'b4b5', 'time_diff': '0:00:38', 'exp_point_loss': 0.37450000000000006}, {'turn': 'White', 'fen': '8/6pk/p4p2/1bBQ3p/4r2P/2P2qP1/5P1K/6R1 w - - 1 47', 'move_number': 47, 'move': 'd5d1', 'prev_move': 'g8h7', 'time_diff': '0:00:42', 'exp_point_loss': 0.43900000000000006}, {'turn': 'Black', 'fen': '8/6pk/p4p2/2B4p/7P/2Pb1qP1/4rP1K/2Q3R1 b - - 6 49', 'move_number': 50, 'move': 'd3e4', 'prev_move': 'b1c1', 'time_diff': '0:00:36', 'exp_point_loss': 0.374}, {'turn': 'Black', 'fen': '8/6pk/p4pb1/8/6Q1/2q1B3/4rP1K/6R1 b - - 0 55', 'move_number': 56, 'move': 'c3e5', 'prev_move': 'f5g4', 'time_diff': '0:00:21', 'exp_point_loss': 0.5}]","[{'turn': 'Black', 'fen': 'r1bqr1k1/pp3ppp/2n5/3p4/3Nn3/P1P3P1/2Q1PPBP/R1BR2K1 b - - 2 13', 'move_number': 14, 'move': 'c6a5', 'prev_move': 'f1d1', 'time_diff': '0:22:20', 'exp_point_loss': 0.0010000000000000009}, {'turn': 'White', 'fen': '2r3k1/pp1b1ppp/5q2/3p4/1Pn5/2P1BNP1/2Q1PP1P/3R2K1 w - - 1 20', 'move_number': 20, 'move': 'e3d4', 'prev_move': 'a5c4', 'time_diff': '0:26:47', 'exp_point_loss': 0.04949999999999993}, {'turn': 'White', 'fen': '2r3k1/pp1b1ppp/q7/3p4/1PnB4/2P2NP1/2Q1PP1P/3R2K1 w - - 3 21', 'move_number': 21, 'move': 'f3g5', 'prev_move': 'f6a6', 'time_diff': '0:21:23', 'exp_point_loss': 0.0010000000000000009}]"
160.6,160.8,0.04,0.03,3.65,3.2,Humpy Koneru,Anna Muzychuk,Norway Chess 2025 - Women,"Stavanger, Norway",13.3,2543,2535,0.5,0.5,????.??.??,31,30,5.2,5.4,0.0,0.0,0.17,0.17,0,0,0,0,0,0,0,0,1,1,[],"[{'turn': 'White', 'fen': 'r2q1rk1/pp2ppbp/n1p3p1/3n4/Q2P2b1/5NP1/PP1NPPBP/R1B2RK1 w - - 6 10', 'move_number': 10, 'move': 'h2h3', 'prev_move': 'e8g8', 'time_diff': '0:15:02', 'exp_point_loss': 0}, {'turn': 'Black', 'fen': 'r2q1rk1/pp2ppbp/n1p1b1p1/3n4/3P4/5NPP/PP1NPPB1/R1BQ1RK1 b - - 2 11', 'move_number': 12, 'move': 'd5b6', 'prev_move': 'a4d1', 'time_diff': '0:19:11', 'exp_point_loss': 0.007499999999999951}]"
160.4,160.2,0.1,0.1,4.87,4.43,Anna Muzychuk,Tingjie Lei,Norway Chess 2025 - Women,"Stavanger, Norway",15.2,2535,2552,0.5,0.5,????.??.??,31,30,5.2,5.3,0.0,0.0,0.15,0.14,0,0,0,0,0,0,0,0,0,0,[],[]
160.8,159.8,0.05,0.05,3.83,3.33,Rameshbabu Vaishali,Tingjie Lei,Norway Chess 2025 - Women,"Stavanger, Norway",3.2,2475,2552,0.5,0.5,????.??.??,30,30,5.4,5.3,0.0,0.0,0.17,0.12,0,0,0,0,0,0,0,1,3,0,[],"[{'turn': 'Black', 'fen': 'rnbqr1k1/pp3ppp/3b4/3p4/3Pn3/2NB1N1P/PP3PP1/R1BQ1RK1 b - - 0 11', 'move_number': 12, 'move': 'e4c3', 'prev_move': 'h2h3', 'time_diff': '0:31:03', 'exp_point_loss': 0}, {'turn': 'White', 'fen': 'r1bqr1k1/pp3pp1/2nb3p/3p4/P2P4/2PB1N1P/5PP1/R1BQ1RK1 w - - 1 14', 'move_number': 14, 'move': 'c1a3', 'prev_move': 'b8c6', 'time_diff': '0:18:30', 'exp_point_loss': 0.024500000000000022}, {'turn': 'White', 'fen': 'r1b1r1k1/pp3pp1/2n2q1p/3p4/P2P4/R1PB1N1P/5PP1/3Q1RK1 w - - 1 16', 'move_number': 16, 'move': 'a4a5', 'prev_move': 'd8f6', 'time_diff': '0:20:13', 'exp_point_loss': 0.0025000000000000022}, {'turn': 'White', 'fen': '1r2r1k1/pp1q1pp1/2n4p/PQ1p4/3P4/R1P2N1P/5PP1/5RK1 w - - 4 20', 'move_number': 20, 'move': 'a3a1', 'prev_move': 'a8b8', 'time_diff': '0:21:15', 'exp_point_loss': 0}]"
159.7,125.3,0.57,1.07,7.68,240.0,Humpy Koneru,Rameshbabu Vaishali,Norway Chess 2025 - Women,"Stavanger, Norway",1.2,2543,2475,1.0,0.0,????.??.??,44,43,3.6,2.9,0.01,0.02,0.11,-1.74,3,0,0,3,0,1,0,0,0,1,"[{'turn': 'Black', 'fen': '8/1Q4pk/3Bp2p/3nPp2/4p3/4P2P/5PPK/q7 b - - 7 42', 'move_number': 43, 'move': 'a1a2', 'prev_move': 'a3d6', 'time_diff': '0:00:30', 'exp_point_loss': 0.5}]","[{'turn': 'Black', 'fen': 'r1bq1rk1/4b1pp/1pp1p3/3n1p2/2NPp3/PP2P3/1B2BPPP/R2Q1RK1 b - - 2 15', 'move_number': 16, 'move': 'c8a6', 'prev_move': 'd2c4', 'time_diff': '0:19:02', 'exp_point_loss': 0}]"
70.3,111.4,2.92,2.41,122.52,25.34,Sarasadat Khademalsharieh,Tingjie Lei,Norway Chess 2025 - Women,"Stavanger, Norway",19.1,2449,2552,0.0,1.0,????.??.??,103,103,0.7,1.1,0.03,0.02,-4.7,-2.49,1,3,5,1,0,5,0,0,0,1,"[{'turn': 'White', 'fen': '2r3k1/2q1ppb1/1p1p2p1/n1pB1b1p/2PP3P/2P1B1P1/1Q1NPP2/R4K2 w - - 9 26', 'move_number': 26, 'move': 'a1c1', 'prev_move': 'c6a5', 'time_diff': '0:01:42', 'exp_point_loss': 0.3185}, {'turn': 'Black', 'fen': '2r3k1/2q1ppb1/1p1p2p1/n1pB1b1p/2PP3P/2P1B1P1/1Q1NPP2/2R2K2 b - - 10 26', 'move_number': 27, 'move': 'g7f6', 'prev_move': 'a1c1', 'time_diff': '0:00:50', 'exp_point_loss': 0.3205}, {'turn': 'Black', 'fen': '2r3k1/q4pb1/4p1p1/3pnb1p/1Q5P/2PNB1P1/4PPB1/1R4K1 b - - 9 41', 'move_number': 42, 'move': 'e5d3', 'prev_move': 'g5e3', 'time_diff': '0:00:37', 'exp_point_loss': 0.357}, {'turn': 'White', 'fen': '2r3k1/q4pb1/4p1p1/3p1b1p/1Q5P/2PnB1P1/4PPB1/1R4K1 w - - 0 42', 'move_number': 42, 'move': 'e2d3', 'prev_move': 'e5d3', 'time_diff': '0:00:32', 'exp_point_loss': 0.31400000000000006}, {'turn': 'Black', 'fen': '2r3k1/q4pb1/4p1p1/3p1b1p/1Q5P/2PPB1P1/5PB1/1R4K1 b - - 0 42', 'move_number': 43, 'move': 'a7a6', 'prev_move': 'e2d3', 'time_diff': '0:00:31', 'exp_point_loss': 0.45300000000000007}, {'turn': 'Black', 'fen': '5rk1/1RQ2pb1/4p1p1/2Bp1b1p/7P/6P1/5PBK/4q3 b - - 3 47', 'move_number': 48, 'move': 'f5e4', 'prev_move': 'g1h2', 'time_diff': '0:00:32', 'exp_point_loss': 0.5}, {'turn': 'White', 'fen': '5rk1/1RQ2pb1/4p1p1/2Bp3p/4b2P/6P1/5PBK/4q3 w - - 4 48', 'move_number': 48, 'move': 'g2e4', 'prev_move': 'f5e4', 'time_diff': '0:01:27', 'exp_point_loss': 0.508}, {'turn': 'White', 'fen': '8/4k3/4p1p1/2R2p1p/6PP/5K2/8/4b3 w - - 0 74', 'move_number': 74, 'move': 'c5c7', 'prev_move': 'f7f5', 'time_diff': '0:00:28', 'exp_point_loss': 0.5}, {'turn': 'Black', 'fen': '8/2R1k3/4p1p1/5p1p/6PP/5K2/8/4b3 b - - 1 74', 'move_number': 75, 'move': 'e7d6', 'prev_move': 'c5c7', 'time_diff': '0:00:24', 'exp_point_loss': 0.5}, {'turn': 'White', 'fen': '8/7R/3kp1p1/5p2/6pP/6b1/4K3/8 w - - 2 77', 'move_number': 77, 'move': 'h7h6', 'prev_move': 'e1g3', 'time_diff': '0:00:28', 'exp_point_loss': 0.49550000000000005}]","[{'turn': 'Black', 'fen': '3q1rk1/2p1ppbp/1p1p2p1/nQ6/2PPb3/2P1BNP1/4PPBP/5RK1 b - - 1 15', 'move_number': 16, 'move': 'c7c6', 'prev_move': 'b3b5', 'time_diff': '0:25:11', 'exp_point_loss': 0.0010000000000000009}]"
108.6,105.9,2.12,2.11,19.49,19.55,Rameshbabu Vaishali,Humpy Koneru,Norway Chess 2025 - Women,"Stavanger, Norway",11.2,2481,2543,0.5,0.5,????.??.??,41,40,2.6,2.6,0.05,0.05,-2.64,-2.79,4,1,4,3,0,4,1,0,1,0,"[{'turn': 'Black', 'fen': 'r1b2rk1/1pqn1ppp/5n2/pPb1p3/P1Pp4/1N3NP1/2Q1PPBP/R1B2RK1 b - - 2 13', 'move_number': 14, 'move': 'a8a7', 'prev_move': 'e1g1', 'time_diff': '0:08:32', 'exp_point_loss': 0.294}, {'turn': 'White', 'fen': '2b2rk1/rpqn1ppp/5n2/pPb1p3/P1Pp4/1N3NP1/2Q1PPBP/R1B2RK1 w - - 3 14', 'move_number': 14, 'move': 'c1g5', 'prev_move': 'a8a7', 'time_diff': '0:32:01', 'exp_point_loss': 0.3005}, {'turn': 'Black', 'fen': '3r2k1/4qpp1/3r3p/pPp1pP2/P1PpQ2P/3R2PK/4PR2/8 b - - 2 29', 'move_number': 30, 'move': 'h6h5', 'prev_move': 'g2h3', 'time_diff': '0:05:01', 'exp_point_loss': 0.386}, {'turn': 'White', 'fen': '3r2k1/4qpp1/3r4/pPp1pP1p/P1PpQ2P/3R2PK/4PR2/8 w - - 0 30', 'move_number': 30, 'move': 'g3g4', 'prev_move': 'h6h5', 'time_diff': '0:06:08', 'exp_point_loss': 0.42800000000000005}, {'turn': 'Black', 'fen': '3r2k1/4qpp1/7r/pPp1pP2/P1Pp2QP/6RK/4PR2/8 b - - 2 32', 'move_number': 33, 'move': 'e7f6', 'prev_move': 'd3g3', 'time_diff': '0:02:43', 'exp_point_loss': 0.3345}, {'turn': 'White', 'fen': '1r5k/5pp1/3q3r/pPp1pP2/P1PpQ1RP/5R1K/4P3/8 w - - 17 40', 'move_number': 40, 'move': 'f3g3', 'prev_move': 'h7h6', 'time_diff': '0:00:22', 'exp_point_loss': 0.4945}, {'turn': 'Black', 'fen': '1r5k/5pp1/3q3r/pPp1pP2/P1PpQ1RP/6RK/4P3/8 b - - 18 40', 'move_number': 41, 'move': 'h6h7', 'prev_move': 'f3g3', 'time_diff': '0:00:29', 'exp_point_loss': 0.488}, {'turn': 'White', 'fen': '1r5k/5ppr/3q4/pPp1pP2/P1PpQ1RP/6RK/4P3/8 w - - 19 41', 'move_number': 41, 'move': 'g3f3', 'prev_move': 'h6h7', 'time_diff': '0:01:39', 'exp_point_loss': 0.488}]","[{'turn': 'White', 'fen': '2b2rk1/rpqn1ppp/5n2/pPb1p3/P1Pp4/1N3NP1/2Q1PPBP/R1B2RK1 w - - 3 14', 'move_number': 14, 'move': 'c1g5', 'prev_move': 'a8a7', 'time_diff': '0:32:01', 'exp_point_loss': 0.3005}, {'turn': 'White', 'fen': '2b2rk1/r1qn1ppp/1p3n2/pPb1p1B1/P1Pp4/1N3NP1/2Q1PPBP/R4RK1 w - - 0 15', 'move_number': 15, 'move': 'b3c5', 'prev_move': 'b7b6', 'time_diff': '0:27:51', 'exp_point_loss': 0.023499999999999965}]"
141.8,95.5,1.52,2.02,220.08,363.59,Anna Muzychuk,Humpy Koneru,Norway Chess 2025 - Women,"Stavanger, Norway",3.3,2526,2543,1.0,0.0,????.??.??,72,71,2.0,1.3,0.02,0.03,-0.85,-3.34,0,0,3,3,0,3,0,0,1,1,"[{'turn': 'White', 'fen': '4r1k1/1b3p2/pq1pr1p1/1p5p/4P3/3RNP1P/PP1Q2P1/4R2K w - - 0 31', 'move_number': 31, 'move': 'e1d1', 'prev_move': 'h7h5', 'time_diff': '0:01:38', 'exp_point_loss': 0.36350000000000005}, {'turn': 'Black', 'fen': '4r1k1/1b3p2/pq1pr1p1/1p5p/4P3/3RNP1P/PP1Q2P1/3R3K b - - 1 31', 'move_number': 32, 'move': 'a6a5', 'prev_move': 'e1d1', 'time_diff': '0:02:09', 'exp_point_loss': 0.41850000000000004}, {'turn': 'White', 'fen': '4r1k1/1b3p2/1q1pr1p1/pp5p/4P3/3RNP1P/PP1Q2P1/3R3K w - - 0 32', 'move_number': 32, 'move': 'e3d5', 'prev_move': 'a6a5', 'time_diff': '0:00:53', 'exp_point_loss': 0.458}, {'turn': 'Black', 'fen': '8/5p1k/1q1pr1p1/2rR3p/1p1QP3/1P3P1P/6P1/R6K b - - 2 38', 'move_number': 39, 'move': 'b6c6', 'prev_move': 'd1a1', 'time_diff': '0:01:10', 'exp_point_loss': 0.436}, {'turn': 'White', 'fen': '8/2q1rp1k/3R2p1/2r4p/1p1QP3/1P3P1P/6PK/R7 w - - 1 41', 'move_number': 41, 'move': 'h2h1', 'prev_move': 'c6c7', 'time_diff': '0:00:44', 'exp_point_loss': 0.5}, {'turn': 'Black', 'fen': '8/5pk1/6p1/4P2p/1p2Q2P/1P3P2/6PK/4q3 b - - 6 56', 'move_number': 57, 'move': 'e1e4', 'prev_move': 'd5e4', 'time_diff': '0:00:44', 'exp_point_loss': 0.496}]","[{'turn': 'White', 'fen': '2r1r1k1/3q1p1p/p1bp1np1/1p6/3NP3/3QR2P/PP1N1PP1/4R1K1 w - - 0 21', 'move_number': 21, 'move': 'd2f1', 'prev_move': 'g7g6', 'time_diff': '0:15:57', 'exp_point_loss': 0.0010000000000000009}, {'turn': 'Black', 'fen': '2r1r1k1/3q1p1p/p1bp1np1/1p6/3NP3/3QR2P/PP3PP1/4RNK1 b - - 1 21', 'move_number': 22, 'move': 'f6h5', 'prev_move': 'd2f1', 'time_diff': '0:17:48', 'exp_point_loss': 0.016500000000000015}]"
160.7,161.1,0.07,0.06,6.64,5.82,Wenjun Ju,Tingjie Lei,Norway Chess 2025 - Women,"Stavanger, Norway",11.3,2580,2552,0.5,0.5,????.??.??,22,22,7.3,7.3,0.0,0.0,0.17,0.19,0,0,0,0,0,0,0,0,0,1,[],"[{'turn': 'Black', 'fen': 'r2r1bk1/1ppq1pp1/p1np1n1p/P3p3/2N1P3/1QPP1N1P/1P3PP1/R1B1R1K1 b - - 0 14', 'move_number': 15, 'move': 'g8h8', 'prev_move': 'h2h3', 'time_diff': '0:18:46', 'exp_point_loss': 0.003500000000000003}]"
165.4,166.2,0.05,0.04,3.42,2.7,Hikaru Nakamura,Fabiano Caruana,Norway Chess 2025,"Stavanger, Norway",11.2,2804,2777,0.5,0.5,????.??.??,31,30,5.3,5.5,0.0,0.0,0.42,0.46,0,0,0,0,0,0,0,0,1,1,[],"[{'turn': 'Black', 'fen': 'r2qk2r/1p2bppp/p1n2n2/4p3/4P1b1/4BN1P/PP3PP1/RN1QRBK1 b kq - 0 12', 'move_number': 13, 'move': 'g4f3', 'prev_move': 'h2h3', 'time_diff': '0:17:14', 'exp_point_loss': 0}, {'turn': 'White', 'fen': 'r4rk1/1p2bppp/p4n2/4p3/4P3/P1N2Q1P/1q3PP1/R2R1BK1 w - - 0 18', 'move_number': 18, 'move': 'd1b1', 'prev_move': 'b4b2', 'time_diff': '0:25:08', 'exp_point_loss': 0.000500000000000056}]"
157.8,157.8,0.46,0.45,6.33,5.82,Sarasadat Khademalsharieh,Anna Muzychuk,Norway Chess 2025 - Women,"Stavanger, Norway",11.1,2449,2535,0.5,0.5,????.??.??,33,33,4.8,4.8,0.01,0.01,0.01,0.01,0,0,1,1,0,1,0,0,2,1,"[{'turn': 'Black', 'fen': '3rrnk1/1b2qpp1/pp5p/b1pp1B2/3Pn3/PP2PN1P/N1Q1RPP1/B2R2K1 b - - 6 21', 'move_number': 22, 'move': 'g7g6', 'prev_move': 'b2a1', 'time_diff': '0:11:00', 'exp_point_loss': 0.3025}, {'turn': 'White', 'fen': '3rrnk1/1b2qp2/pp4pp/b1pp1B2/3Pn3/PP2PN1P/N1Q1RPP1/B2R2K1 w - - 0 22', 'move_number': 22, 'move': 'd4c5', 'prev_move': 'g7g6', 'time_diff': '0:01:38', 'exp_point_loss': 0.3745}]","[{'turn': 'White', 'fen': '3rr1k1/1b1nqppp/ppp1pn2/3p4/1bPP4/1PN1PN1P/PBQ2PP1/3RRBK1 w - - 2 15', 'move_number': 15, 'move': 'f1d3', 'prev_move': 'd6b4', 'time_diff': '0:15:58', 'exp_point_loss': 0.0040000000000000036}, {'turn': 'White', 'fen': '3rr1k1/1b1nqpp1/ppp1pn1p/3p4/1bPP4/1PNBPN1P/PBQ2PP1/3RR1K1 w - - 0 16', 'move_number': 16, 'move': 'e1e2', 'prev_move': 'h7h6', 'time_diff': '0:17:47', 'exp_point_loss': 0}, {'turn': 'Black', 'fen': '3rr1k1/1b1nqpp1/pp3n1p/b1pp1B2/3P4/PPN1PN1P/1BQ1RPP1/3R2K1 b - - 2 19', 'move_number': 20, 'move': 'd7f8', 'prev_move': 'd3f5', 'time_diff': '0:15:36', 'exp_point_loss': 0.0010000000000000009}]"
161.5,160.0,0.02,0.02,1.89,1.44,Rameshbabu Vaishali,Wenjun Ju,Norway Chess 2025 - Women,"Stavanger, Norway",15.3,2481,2580,0.5,0.5,????.??.??,37,36,4.4,4.4,0.0,0.0,0.21,0.13,0,0,0,0,0,0,0,0,1,1,[],"[{'turn': 'White', 'fen': 'r1bq1rk1/1pp2ppp/8/p2p1nb1/P2P1B2/2P5/1P3PPP/RN1QRBK1 w - - 2 14', 'move_number': 14, 'move': 'd1f3', 'prev_move': 'f6g5', 'time_diff': '0:15:47', 'exp_point_loss': 0.01200000000000001}, {'turn': 'Black', 'fen': 'r1b2rk1/1pp2ppp/3q4/p2p1n2/P2P4/2P2Q2/1P3PPP/RN2RBK1 b - - 2 16', 'move_number': 17, 'move': 'c8d7', 'prev_move': 'f4f3', 'time_diff': '0:21:29', 'exp_point_loss': 0}]"
159.8,161.3,0.05,0.05,3.32,2.91,Wenjun Ju,Rameshbabu Vaishali,Norway Chess 2025 - Women,"Stavanger, Norway",5.3,2580,2475,0.5,0.5,????.??.??,44,44,3.6,3.7,0.0,0.0,0.12,0.2,0,0,0,0,0,0,0,0,0,1,[],"[{'turn': 'Black', 'fen': 'r3r1k1/2pq1pp1/1pn3np/p2p4/P2P4/2PQ1N2/1P1B1PPP/R3R1K1 b - - 3 19', 'move_number': 20, 'move': 'e8e1', 'prev_move': 'c2d3', 'time_diff': '0:15:49', 'exp_point_loss': 0.004500000000000004}]"
172.5,146.1,0.08,0.58,7.71,15.35,Fabiano Caruana,Yi Wei,Norway Chess 2025,"Stavanger, Norway",13.3,2777,2758,1.0,0.0,????.??.??,55,54,3.1,2.7,0.0,0.01,0.81,-0.62,0,0,0,0,0,1,1,0,0,0,"[{'turn': 'Black', 'fen': '5k2/1R2bp2/4p3/8/5P1p/1P1B1K1P/1r2P3/8 b - - 0 41', 'move_number': 42, 'move': 'e7d6', 'prev_move': 'h2h3', 'time_diff': '0:01:26', 'exp_point_loss': 0.46549999999999997}]","[{'turn': 'White', 'fen': 'rn1q1rk1/pp2ppbp/4bnp1/2p5/3p1B2/2PP1NP1/PP2PPBP/RN1Q1RK1 w - - 1 9', 'move_number': 9, 'move': 'd1a4', 'prev_move': 'c8e6', 'time_diff': '0:33:07', 'exp_point_loss': 0.0020000000000000018}]"
151.5,150.4,0.87,0.86,7.03,6.86,Fabiano Caruana,Magnus Carlsen,Norway Chess 2025,"Stavanger, Norway",9.3,2776,2837,0.5,0.5,????.??.??,67,66,2.3,2.3,0.01,0.01,-0.33,-0.38,2,1,1,1,1,1,0,0,2,1,"[{'turn': 'Black', 'fen': '8/2Nb1kp1/1p5p/4P3/p5P1/P6P/1P3K2/8 b - - 2 43', 'move_number': 44, 'move': 'g7g5', 'prev_move': 'g1f2', 'time_diff': '0:00:49', 'exp_point_loss': 0.4875}, {'turn': 'White', 'fen': '8/2Nb1k2/1p5p/4P1p1/p5P1/P6P/1P3K2/8 w - - 0 44', 'move_number': 44, 'move': 'c7d5', 'prev_move': 'g7g5', 'time_diff': '0:01:07', 'exp_point_loss': 0.5}]","[{'turn': 'White', 'fen': 'r1bqk2r/1ppn1ppp/p1p2b2/4p3/3PP3/5N2/PPP2PPP/RNBQR1K1 w kq - 1 9', 'move_number': 9, 'move': 'c1e3', 'prev_move': 'e7f6', 'time_diff': '0:22:16', 'exp_point_loss': 0.0015000000000000013}, {'turn': 'Black', 'fen': 'r1bqr1k1/1pp2ppp/2p2bn1/8/p2PP3/4BN1P/PPQ2PP1/1N1RR1K1 b - - 1 16', 'move_number': 17, 'move': 'f6e7', 'prev_move': 'd2b1', 'time_diff': '0:15:25', 'exp_point_loss': 0.003500000000000003}, {'turn': 'White', 'fen': 'r1bqr1k1/1pp1bppp/2p3n1/8/p2PP3/4BN1P/PPQ2PP1/1N1RR1K1 w - - 2 17', 'move_number': 17, 'move': 'b1c3', 'prev_move': 'f6e7', 'time_diff': '0:21:44', 'exp_point_loss': 0}]"
174.8,147.4,0.02,0.51,-2.02,12.67,Fabiano Caruana,Erigaisi Arjun,Norway Chess 2025,"Stavanger, Norway",5.1,2776,2782,1.0,0.0,????.??.??,44,43,4.0,3.4,0.0,0.01,0.93,-0.55,1,0,0,1,0,2,0,0,1,2,"[{'turn': 'Black', 'fen': 'r4r2/6pp/p2k4/2ppNb2/P3n2P/5P2/1B4P1/2R1R1K1 b - - 0 24', 'move_number': 25, 'move': 'e4d2', 'prev_move': 'f2f3', 'time_diff': '0:03:43', 'exp_point_loss': 0.27149999999999996}, {'turn': 'Black', 'fen': 'r4r2/6pp/p2k4/2ppNb2/P5PP/1n3P2/1B6/3RR1K1 b - - 0 26', 'move_number': 27, 'move': 'f5c8', 'prev_move': 'g2g4', 'time_diff': '0:07:59', 'exp_point_loss': 0.3275}]","[{'turn': 'Black', 'fen': 'r1b1kN1r/pp4pp/2n2n2/q2p4/7P/1QP5/P4PP1/R1B1KBNR b KQkq - 0 13', 'move_number': 14, 'move': 'h8f8', 'prev_move': 'e6f8', 'time_diff': '0:18:52', 'exp_point_loss': 0}, {'turn': 'Black', 'fen': 'r1b1kr2/6pp/p1p5/3p4/P3n2P/5N2/1B3PP1/R4RK1 b q - 3 20', 'move_number': 21, 'move': 'c6c5', 'prev_move': 'e1g1', 'time_diff': '0:19:18', 'exp_point_loss': 0}, {'turn': 'White', 'fen': 'r3kr2/6pp/p7/2pp1b2/P3n2P/5N2/1B3PP1/R3R1K1 w q - 2 22', 'move_number': 22, 'move': 'a1c1', 'prev_move': 'c8f5', 'time_diff': '0:28:19', 'exp_point_loss': 0.0010000000000000009}]"
158.2,128.7,0.96,1.46,14.9,27.18,Fabiano Caruana,Gukesh D,Norway Chess 2025,"Stavanger, Norway",19.2,2777,2776,1.0,0.0,????.??.??,50,49,3.2,2.6,0.02,0.03,0.03,-1.55,1,1,1,5,0,3,0,0,2,0,"[{'turn': 'Black', 'fen': '2kr3r/1ppq2b1/p1n1pn1p/6p1/1P1pP3/P2P1NNP/3BQPP1/R3K2R b KQ - 1 17', 'move_number': 18, 'move': 'd7e7', 'prev_move': 'e3d2', 'time_diff': '0:13:05', 'exp_point_loss': 0.24599999999999997}, {'turn': 'Black', 'fen': '2kr4/2p5/2pbp2p/R3PrpN/3p4/q2P3P/3BQPP1/6K1 b - - 1 28', 'move_number': 29, 'move': 'a3b2', 'prev_move': 'b5a5', 'time_diff': '0:05:07', 'exp_point_loss': 0.2845}, {'turn': 'White', 'fen': '2kq4/2p5/7p/3rB1p1/2Q1N3/3p1P1P/6PK/8 w - - 11 47', 'move_number': 47, 'move': 'f3f4', 'prev_move': 'd6d5', 'time_diff': '0:03:06', 'exp_point_loss': 0.5}, {'turn': 'Black', 'fen': '2kq4/2B5/7p/3r2p1/2Q1NP2/7P/3p2PK/8 b - - 0 48', 'move_number': 49, 'move': 'd2d1q', 'prev_move': 'e5c7', 'time_diff': '0:00:31', 'exp_point_loss': 0.5}]","[{'turn': 'White', 'fen': '2kr3r/1pp1q1b1/p1n1p2p/4n1p1/1P1pP3/P2P1NNP/3BQPP1/1R3RK1 w - - 6 20', 'move_number': 20, 'move': 'g3h5', 'prev_move': 'd7e5', 'time_diff': '0:20:26', 'exp_point_loss': 0}, {'turn': 'White', 'fen': '2kr4/2p5/2pbp2p/R3PrpN/3p4/3P3P/1q1BQPP1/6K1 w - - 2 29', 'move_number': 29, 'move': 'e5d6', 'prev_move': 'a3b2', 'time_diff': '0:17:21', 'exp_point_loss': 0.0675}]"
160.4,161.0,0.09,0.08,2.81,2.43,Wenjun Ju,Humpy Koneru,Norway Chess 2025 - Women,"Stavanger, Norway",7.2,2580,2543,0.5,0.5,????.??.??,47,47,3.4,3.4,0.0,0.0,0.15,0.18,0,0,0,0,0,0,0,0,1,1,[],"[{'turn': 'White', 'fen': 'r2q1rk1/1pp3p1/1p2pnnp/3p4/3PP3/P4N1P/1P3PP1/R1BQR1K1 w - - 0 16', 'move_number': 16, 'move': 'e4d5', 'prev_move': 'd6d5', 'time_diff': '0:16:08', 'exp_point_loss': 0.018000000000000016}, {'turn': 'Black', 'fen': 'r2q1rk1/1pp3p1/1p3nnp/3pN3/3P4/P6P/1P3PP1/R1BQR1K1 b - - 1 17', 'move_number': 18, 'move': 'g6e7', 'prev_move': 'f3e5', 'time_diff': '0:15:06', 'exp_point_loss': 0}]"
156.3,156.6,0.56,0.56,5.18,4.94,Magnus Carlsen,Yi Wei,Norway Chess 2025,"Stavanger, Norway",5.2,2837,2758,0.5,0.5,????.??.??,51,50,3.1,3.1,0.01,0.01,-0.07,-0.05,1,2,0,2,0,1,0,1,1,1,"[{'turn': 'Black', 'fen': '2rr2k1/1p3pp1/pQ2pq1p/n3N3/P2P4/4P1P1/5PKP/R2R4 b - - 0 23', 'move_number': 24, 'move': 'd8d5', 'prev_move': 'c3d4', 'time_diff': '0:20:55', 'exp_point_loss': 0.2535}]","[{'turn': 'Black', 'fen': 'r2r2k1/1pp2pp1/p3pq1p/n3N3/P2P4/2P1P1P1/5PKP/RQ3R2 b - - 2 20', 'move_number': 21, 'move': 'a8c8', 'prev_move': 'd1b1', 'time_diff': '0:37:35', 'exp_point_loss': 0.0010000000000000009}, {'turn': 'White', 'fen': '2rr2k1/1pp2pp1/p3pq1p/n3N3/P2P4/2P1P1P1/5PKP/RQ3R2 w - - 3 21', 'move_number': 21, 'move': 'f1d1', 'prev_move': 'a8c8', 'time_diff': '0:23:39', 'exp_point_loss': 0}, {'turn': 'Black', 'fen': '2rr2k1/1p3pp1/pQ2pq1p/n3N3/P2P4/4P1P1/5PKP/R2R4 b - - 0 23', 'move_number': 24, 'move': 'd8d5', 'prev_move': 'c3d4', 'time_diff': '0:20:55', 'exp_point_loss': 0.2535}]"
137.4,135.9,1.55,1.54,16.61,16.59,Yi Wei,Gukesh D,Norway Chess 2025,"Stavanger, Norway",9.2,2758,2787,0.5,0.5,????.??.??,74,73,1.9,1.9,0.02,0.02,-1.09,-1.17,2,1,2,4,1,1,0,0,1,3,"[{'turn': 'White', 'fen': '1brq2k1/3r1bpp/1P2pp2/p1P5/N2p4/P2R1NP1/4QPP1/4R1K1 w - - 1 29', 'move_number': 29, 'move': 'e2d2', 'prev_move': 'c7b8', 'time_diff': '0:01:05', 'exp_point_loss': 0.487}, {'turn': 'White', 'fen': '6k1/4R1pp/1N6/2P2p2/2N1bb2/P2r4/5KP1/8 w - - 4 43', 'move_number': 43, 'move': 'b6c8', 'prev_move': 'd8d3', 'time_diff': '0:00:56', 'exp_point_loss': 0.4724999999999999}, {'turn': 'Black', 'fen': '5R2/6pk/3N4/2P2N1p/8/P1r3bb/4K3/8 b - - 0 49', 'move_number': 50, 'move': 'g3e5', 'prev_move': 'e3f5', 'time_diff': '0:00:28', 'exp_point_loss': 0.5}]","[{'turn': 'White', 'fen': 'r1bq1rk1/pp2nppp/2nbp3/3p4/3P4/2PB1N2/PP3PPP/RNBQR1K1 w - - 6 9', 'move_number': 9, 'move': 'c3c4', 'prev_move': 'e8g8', 'time_diff': '0:17:39', 'exp_point_loss': 0.02300000000000002}, {'turn': 'Black', 'fen': 'r1bq1rk1/pp2nppp/2nbp3/3p4/2PP4/3B1N2/PP3PPP/RNBQR1K1 b - - 0 9', 'move_number': 10, 'move': 'c6b4', 'prev_move': 'c3c4', 'time_diff': '0:19:58', 'exp_point_loss': 0.0050000000000000044}, {'turn': 'Black', 'fen': 'rb1q1rk1/1p1b2pp/4pp2/p1Pp4/3P4/1PNQ1NP1/P4PP1/R3R1K1 b - - 0 17', 'move_number': 18, 'move': 'f8e8', 'prev_move': 'b2b3', 'time_diff': '0:17:37', 'exp_point_loss': 0.0605}, {'turn': 'Black', 'fen': '1r1q2k1/2b1rbpp/1p2pp2/pPPp4/N2P4/P3RNP1/4QPP1/4R1K1 b - - 8 24', 'move_number': 25, 'move': 'b8c8', 'prev_move': 'd3e2', 'time_diff': '0:16:34', 'exp_point_loss': 0.21800000000000003}]"
172.5,147.0,0.14,0.63,6.19,19.9,Magnus Carlsen,Fabiano Caruana,Norway Chess 2025,"Stavanger, Norway",17.3,2837,2777,1.0,0.0,????.??.??,52,51,3.3,2.9,0.0,0.01,0.8,-0.57,0,0,0,0,0,1,0,0,1,1,"[{'turn': 'Black', 'fen': '3r2k1/6p1/7p/2PpPq1P/3Q4/6P1/1R4K1/8 b - - 16 47', 'move_number': 48, 'move': 'f5h5', 'prev_move': 'b1b2', 'time_diff': '0:06:39', 'exp_point_loss': 0.445}]","[{'turn': 'White', 'fen': 'r2q1rk1/1bpn1ppp/4pn2/pp6/3PP3/RP1N2P1/2QN1PBP/3R2K1 w - - 0 17', 'move_number': 17, 'move': 'd1a1', 'prev_move': 'a6a5', 'time_diff': '0:17:30', 'exp_point_loss': 0}, {'turn': 'Black', 'fen': 'r4rk1/1bqn1ppp/4pn2/ppP5/1P2P3/R2N2P1/2QN1PBP/R5K1 b - - 0 19', 'move_number': 20, 'move': 'a5b4', 'prev_move': 'b3b4', 'time_diff': '0:20:49', 'exp_point_loss': 0.0005000000000000004}]"
174.5,148.7,0.04,0.54,4.79,17.32,Magnus Carlsen,Erigaisi Arjun,Norway Chess 2025,"Stavanger, Norway",7.1,2837,2782,1.0,0.0,????.??.??,48,47,3.6,3.2,0.0,0.01,0.91,-0.48,0,0,0,0,0,1,0,0,0,2,"[{'turn': 'Black', 'fen': '1r4k1/1q3p1p/5Qp1/8/3R4/6P1/1P2rP1P/1R4K1 b - - 2 30', 'move_number': 31, 'move': 'e2e6', 'prev_move': 'f4f6', 'time_diff': '0:15:22', 'exp_point_loss': 0.397}]","[{'turn': 'Black', 'fen': '1r3rk1/1q3p1p/6p1/Q3p1b1/1N1p4/P5P1/1P2PP1P/1R3RK1 b - - 3 24', 'move_number': 25, 'move': 'g5d2', 'prev_move': 'd5b4', 'time_diff': '0:21:12', 'exp_point_loss': 0.0025000000000000022}, {'turn': 'Black', 'fen': '1r4k1/1q3p1p/5Qp1/8/3R4/6P1/1P2rP1P/1R4K1 b - - 2 30', 'move_number': 31, 'move': 'e2e6', 'prev_move': 'f4f6', 'time_diff': '0:15:22', 'exp_point_loss': 0.397}]"
162.1,161.4,-0.05,-0.06,1.02,0.7,Humpy Koneru,Wenjun Ju,Norway Chess 2025 - Women,"Stavanger, Norway",19.2,2543,2580,0.5,0.5,????.??.??,51,50,3.2,3.2,-0.0,-0.0,0.24,0.21,0,0,0,0,0,0,0,0,2,1,[],"[{'turn': 'White', 'fen': 'r2k1b1r/pp1n2pp/5p2/3b4/4N3/2B5/PP3PPP/R3KB1R w KQ - 2 14', 'move_number': 14, 'move': 'e4f6', 'prev_move': 'e6d5', 'time_diff': '0:19:03', 'exp_point_loss': 0.006500000000000006}, {'turn': 'Black', 'fen': 'r2k1b1r/pp1n2pp/5N2/3b4/8/2B5/PP3PPP/R3KB1R b KQ - 0 14', 'move_number': 15, 'move': 'd7f6', 'prev_move': 'e4f6', 'time_diff': '0:26:53', 'exp_point_loss': 0.0005000000000000004}, {'turn': 'White', 'fen': '3k3r/pp6/5p2/1Pb4p/8/5P2/P5PP/1K3B1R w - - 0 23', 'move_number': 23, 'move': 'g2g4', 'prev_move': 'h7h5', 'time_diff': '0:15:03', 'exp_point_loss': 0}]"
160.6,159.2,0.13,0.13,5.43,4.94,Sarasadat Khademalsharieh,Wenjun Ju,Norway Chess 2025 - Women,"Stavanger, Norway",3.1,2449,2580,0.5,0.5,????.??.??,35,35,4.6,4.5,0.0,0.0,0.16,0.09,0,0,0,0,0,0,0,0,1,0,[],"[{'turn': 'White', 'fen': '2r2rk1/pp2bppp/1qn1b3/3p4/5B2/P3PN2/1P1QBPPP/2R2RK1 w - - 6 15', 'move_number': 15, 'move': 'f3d4', 'prev_move': 'a8c8', 'time_diff': '0:18:47', 'exp_point_loss': 0.017500000000000016}]"
165.4,166.1,0.02,0.01,2.29,1.74,Erigaisi Arjun,Yi Wei,Norway Chess 2025,"Stavanger, Norway",11.1,2782,2758,0.5,0.5,????.??.??,31,31,5.3,5.4,0.0,0.0,0.42,0.46,0,0,0,0,0,0,0,1,2,0,[],"[{'turn': 'White', 'fen': 'r1bq1rk1/pp2bppp/2n2n2/4p3/8/1NN1P3/PP1BBPPP/2RQ1RK1 w - - 0 13', 'move_number': 13, 'move': 'd1c2', 'prev_move': 'e6e5', 'time_diff': '0:18:58', 'exp_point_loss': 0.0015000000000000013}, {'turn': 'Black', 'fen': 'r2q1rk1/pp2bppp/2n1bn2/4p3/8/1NN1P3/PPQBBPPP/2RR2K1 b - - 3 14', 'move_number': 15, 'move': 'c6b4', 'prev_move': 'f1d1', 'time_diff': '0:33:50', 'exp_point_loss': 0.0010000000000000009}, {'turn': 'White', 'fen': 'r4k2/1p2bppp/3nb3/N3p3/1B6/4P3/1P2BPPP/2R3K1 w - - 1 25', 'move_number': 25, 'move': 'c1d1', 'prev_move': 'g8f8', 'time_diff': '0:24:49', 'exp_point_loss': 0.0010000000000000009}]"
142.6,169.5,0.82,0.31,131.18,2.88,Fabiano Caruana,Hikaru Nakamura,Norway Chess 2025,"Stavanger, Norway",1.2,2776,2804,0.0,1.0,????.??.??,78,78,1.8,2.2,0.01,0.0,-0.81,0.64,1,0,1,0,0,0,0,0,1,1,"[{'turn': 'White', 'fen': '8/6n1/2k1pn2/p1Np1p2/3P1Pp1/1P1BP1P1/8/4K3 w - - 42 66', 'move_number': 66, 'move': 'c5a4', 'prev_move': 'e8g7', 'time_diff': '0:00:26', 'exp_point_loss': 0.48950000000000005}]","[{'turn': 'White', 'fen': 'r2qnrk1/1p3pp1/p1nbp2p/3p4/3P4/2NBPQBP/PP3PP1/2R2RK1 w - - 4 16', 'move_number': 16, 'move': 'c3a4', 'prev_move': 'e7d6', 'time_diff': '0:15:21', 'exp_point_loss': 0}, {'turn': 'Black', 'fen': '2rq1rk1/1p3pp1/p1nnp2p/2Np4/3P4/P2BP1QP/1P3PP1/2R2RK1 b - - 0 19', 'move_number': 20, 'move': 'a6a5', 'prev_move': 'a2a3', 'time_diff': '0:19:11', 'exp_point_loss': 0}]"
161.2,133.9,0.3,0.79,6.3,20.96,Tingjie Lei,Rameshbabu Vaishali,Norway Chess 2025 - Women,"Stavanger, Norway",13.2,2552,2481,1.0,0.0,????.??.??,46,45,3.5,3.0,0.01,0.02,0.19,-1.28,1,1,0,1,0,1,0,0,1,0,"[{'turn': 'Black', 'fen': '6k1/2pr2p1/4p2p/P3p3/2R1P3/r1Bn2PP/4RPK1/8 b - - 0 38', 'move_number': 39, 'move': 'd3c1', 'prev_move': 'a4a5', 'time_diff': '0:01:17', 'exp_point_loss': 0.499}]","[{'turn': 'White', 'fen': 'r5k1/1ppr2p1/1n1pp2p/4p3/1PP1P3/P5PP/1BR2PK1/3R4 w - - 7 26', 'move_number': 26, 'move': 'd1d3', 'prev_move': 'f7d7', 'time_diff': '0:15:20', 'exp_point_loss': 0}]"
160.6,159.9,0.02,0.03,4.5,4.86,Rameshbabu Vaishali,Anna Muzychuk,Norway Chess 2025 - Women,"Stavanger, Norway",7.3,2475,2526,0.5,0.5,????.??.??,14,14,11.5,11.4,0.0,0.0,0.16,0.13,0,0,0,0,0,0,0,0,1,0,[],"[{'turn': 'White', 'fen': 'r2qkb1r/pp1b1ppp/2n1pn2/4N3/3p1B2/6P1/PP2PPBP/RN1Q1RK1 w kq - 4 11', 'move_number': 11, 'move': 'e5c4', 'prev_move': 'c8d7', 'time_diff': '0:29:34', 'exp_point_loss': 0.0030000000000000027}]"
49.8,100.5,3.29,2.78,410.14,258.41,Rameshbabu Vaishali,Sarasadat Khademalsharieh,Norway Chess 2025 - Women,"Stavanger, Norway",17.1,2481,2449,0.0,1.0,????.??.??,66,66,0.8,1.5,0.05,0.04,-5.81,-3.08,3,1,6,4,1,5,1,0,1,0,"[{'turn': 'White', 'fen': '1r1qk2r/2p2p2/p2p3p/1p2nP2/6p1/bB4P1/P1Q1NPP1/3RK2R w Kk - 2 23', 'move_number': 23, 'move': 'e2f4', 'prev_move': 'b2a3', 'time_diff': '0:01:46', 'exp_point_loss': 0.404}, {'turn': 'Black', 'fen': '1r1qk2r/2p2p2/p2p3p/1p2nP2/5Np1/bB4P1/P1Q2PP1/3RK2R b Kk - 3 23', 'move_number': 24, 'move': 'c7c6', 'prev_move': 'e2f4', 'time_diff': '0:02:11', 'exp_point_loss': 0.3435}, {'turn': 'White', 'fen': '1r1qk2r/5p2/p1pp3p/1p2nP2/5Np1/bB4P1/P1Q2PP1/3RK2R w Kk - 0 24', 'move_number': 24, 'move': 'e1f1', 'prev_move': 'c7c6', 'time_diff': '0:02:45', 'exp_point_loss': 0.37850000000000006}, {'turn': 'Black', 'fen': '1r1qk2r/5p2/p1pp3p/1p2nP2/5Np1/bB4P1/P1Q2PP1/3R1K1R b k - 1 24', 'move_number': 25, 'move': 'd8f6', 'prev_move': 'e1f1', 'time_diff': '0:07:23', 'exp_point_loss': 0.503}, {'turn': 'White', 'fen': '1r2k2r/5p2/p1pp1q1p/1p2nP2/5Np1/bB4P1/P1Q2PP1/3R1K1R w k - 2 25', 'move_number': 25, 'move': 'd1e1', 'prev_move': 'd8f6', 'time_diff': '0:05:35', 'exp_point_loss': 0.5365}, {'turn': 'Black', 'fen': '1r3k1r/5p2/2pp1qNp/pp2nP1R/6p1/bB4P1/P1Q2PP1/4RK2 b - - 1 27', 'move_number': 28, 'move': 'f7g6', 'prev_move': 'f4g6', 'time_diff': '0:02:46', 'exp_point_loss': 0.29300000000000004}, {'turn': 'White', 'fen': 'r7/6Q1/2pk3p/1r2p3/1p4p1/6P1/P4PP1/5K2 w - - 5 38', 'move_number': 38, 'move': 'g7h6', 'prev_move': 'h8a8', 'time_diff': '0:00:56', 'exp_point_loss': 0.37650000000000006}, {'turn': 'Black', 'fen': 'r7/8/1kp5/1r2p3/1pQ3p1/6P1/P4PP1/5K2 b - - 4 40', 'move_number': 41, 'move': 'a8a3', 'prev_move': 'e6c4', 'time_diff': '0:01:23', 'exp_point_loss': 0.44900000000000007}, {'turn': 'White', 'fen': '8/8/1kp5/1r2p3/1pQ3p1/r5P1/P4PP1/5K2 w - - 5 41', 'move_number': 41, 'move': 'c4g8', 'prev_move': 'a8a3', 'time_diff': '0:00:51', 'exp_point_loss': 0.482}, {'turn': 'Black', 'fen': '1Q6/8/2p5/2krp3/1p4P1/4K3/r4PP1/8 b - - 1 47', 'move_number': 48, 'move': 'd5d2', 'prev_move': 'e2e3', 'time_diff': '0:01:21', 'exp_point_loss': 0.49549999999999994}, {'turn': 'White', 'fen': '8/8/2p5/4Q3/1pk3P1/4K3/r2r1PP1/8 w - - 1 49', 'move_number': 49, 'move': 'e5e4', 'prev_move': 'c5c4', 'time_diff': '0:00:31', 'exp_point_loss': 0.4505000000000001}]","[{'turn': 'White', 'fen': '1rbqk2r/2p1np2/pb1p1n1p/1p2p1p1/4P3/1BPP1NB1/PP3PPP/R2QKN1R w KQk - 6 13', 'move_number': 13, 'move': 'f1e3', 'prev_move': 'c6e7', 'time_diff': '0:38:59', 'exp_point_loss': 0.007000000000000006}, {'turn': 'White', 'fen': '1r3k1r/5p2/2pp1q1p/pp2nP1R/5Np1/bB4P1/P1Q2PP1/4RK2 w - - 0 27', 'move_number': 27, 'move': 'f4g6', 'prev_move': 'a6a5', 'time_diff': '0:16:36', 'exp_point_loss': 0}]"
157.0,157.1,0.53,0.53,11.61,11.32,Hikaru Nakamura,Erigaisi Arjun,Norway Chess 2025,"Stavanger, Norway",17.1,2804,2782,0.5,0.5,????.??.??,23,22,6.8,7.1,0.02,0.02,-0.03,-0.03,1,2,0,3,0,1,0,1,1,0,"[{'turn': 'Black', 'fen': '1r2k2r/p1qbbppp/2p1p3/8/6PP/2PBPN2/PPQ5/2KR3R b k - 0 16', 'move_number': 17, 'move': 'h7h6', 'prev_move': 'h2h4', 'time_diff': '0:32:41', 'exp_point_loss': 0.2325}]","[{'turn': 'White', 'fen': 'r3k2r/p1qbbppp/2p1p3/8/8/2PBPN2/PPQ3PP/2KR3R w kq - 2 15', 'move_number': 15, 'move': 'g2g4', 'prev_move': 'c8d7', 'time_diff': '0:18:31', 'exp_point_loss': 0.064}, {'turn': 'Black', 'fen': '1r2k2r/p1qbbppp/2p1p3/8/6PP/2PBPN2/PPQ5/2KR3R b k - 0 16', 'move_number': 17, 'move': 'h7h6', 'prev_move': 'h2h4', 'time_diff': '0:32:41', 'exp_point_loss': 0.2325}]"
164.4,134.5,0.67,1.16,9.77,173.38,Gukesh D,Magnus Carlsen,Norway Chess 2025,"Stavanger, Norway",11.3,2776,2837,1.0,0.0,????.??.??,62,61,2.7,2.2,0.01,0.02,0.37,-1.24,2,2,0,1,0,3,1,0,2,1,"[{'turn': 'Black', 'fen': '1r6/5p2/3p2p1/4p1N1/R4nPP/1P1k4/5R1K/3r4 b - - 8 44', 'move_number': 45, 'move': 'f7f6', 'prev_move': 'c2f2', 'time_diff': '0:01:33', 'exp_point_loss': 0.4115}, {'turn': 'Black', 'fen': '1r6/8/5Np1/3pp3/5nPP/1P3RK1/4k3/8 b - - 0 50', 'move_number': 51, 'move': 'b8f8', 'prev_move': 'e4f6', 'time_diff': '0:00:39', 'exp_point_loss': 0.24249999999999994}, {'turn': 'Black', 'fen': '5r2/3N4/6p1/3pp3/5nPP/1P4K1/5R2/4k3 b - - 4 52', 'move_number': 53, 'move': 'f4e2', 'prev_move': 'f6d7', 'time_diff': '0:00:55', 'exp_point_loss': 0.581}]","[{'turn': 'White', 'fen': '1r1q1rk1/1b3pp1/pb1p1nnp/4p3/B2PP3/5NNP/1P3PP1/R1BQR1K1 w - - 1 18', 'move_number': 18, 'move': 'd4d5', 'prev_move': 'c8b7', 'time_diff': '0:23:12', 'exp_point_loss': 0}, {'turn': 'Black', 'fen': '1rbq1rk1/5pp1/2Bp1n1p/p2Pp3/4Pn2/1P2RNNP/5PP1/R2Q2K1 b - - 2 22', 'move_number': 23, 'move': 'b8b4', 'prev_move': 'a4c6', 'time_diff': '0:16:26', 'exp_point_loss': 0.02400000000000002}, {'turn': 'White', 'fen': '2bq1rk1/5p2/2Bp1npp/p2Pp3/1r2Pn2/1P2RNNP/2Q2PP1/R5K1 w - - 0 24', 'move_number': 24, 'move': 'g1h1', 'prev_move': 'g7g6', 'time_diff': '0:16:59', 'exp_point_loss': 0.1785}, {'turn': 'White', 'fen': '8/8/8/7P/8/1P1pp1K1/1N1k4/8 w - - 0 61', 'move_number': 61, 'move': 'b2c4', 'prev_move': 'e4e3', 'time_diff': '0:40:00', 'exp_point_loss': 0}]"
136.5,161.3,0.66,0.15,292.11,6.14,Sarasadat Khademalsharieh,Rameshbabu Vaishali,Norway Chess 2025 - Women,"Stavanger, Norway",9.1,2449,2475,0.0,1.0,????.??.??,35,35,3.9,4.6,0.02,0.0,-1.14,0.2,1,0,1,0,0,0,0,0,1,2,"[{'turn': 'White', 'fen': '2bq1r1k/1p2b1pp/1n1p1n2/3PpP2/1P6/5N2/QB1NBPPP/2R3K1 w - - 3 19', 'move_number': 19, 'move': 'e2c4', 'prev_move': 'g8h8', 'time_diff': '0:06:21', 'exp_point_loss': 0.45200000000000007}]","[{'turn': 'White', 'fen': '2bq1rk1/1p2b1pp/1n1p1n2/Q2PpP2/1P6/5N2/1B1NBPPP/2R3K1 w - - 1 18', 'move_number': 18, 'move': 'a5a2', 'prev_move': 'd7f6', 'time_diff': '0:16:46', 'exp_point_loss': 0.04749999999999993}, {'turn': 'Black', 'fen': '3b1r1k/1p1q2pp/1n1p4/3Ppb1n/1PB5/5N2/QB1N1PPP/2R3K1 b - - 7 23', 'move_number': 24, 'move': 'h5f4', 'prev_move': 'b3c4', 'time_diff': '0:17:29', 'exp_point_loss': 0.000500000000000056}, {'turn': 'Black', 'fen': '3b1r1k/1p4pp/3p2q1/3npb2/1PN2n2/1Q3N2/1B3PPP/2R2B1K b - - 5 27', 'move_number': 28, 'move': 'b7b5', 'prev_move': 'g1h1', 'time_diff': '0:26:39', 'exp_point_loss': 0}]"
112.2,81.9,3.32,3.82,100.75,109.36,Gukesh D,Erigaisi Arjun,Norway Chess 2025,"Stavanger, Norway",13.1,2776,2782,1.0,0.0,????.??.??,92,91,1.2,0.9,0.04,0.04,-2.44,-4.08,5,2,6,6,1,6,0,0,1,2,"[{'turn': 'Black', 'fen': 'r1b3k1/pp2prb1/2n3pp/3q4/3pN3/2P2N1P/PP3PP1/R1BQR1K1 b - - 0 15', 'move_number': 16, 'move': 'd4d3', 'prev_move': 'c2c3', 'time_diff': '0:26:32', 'exp_point_loss': 0.406}, {'turn': 'White', 'fen': '3r2k1/pp3rb1/2n3pp/3qpb2/8/2PpRNNP/PP1B1PP1/R2Q2K1 w - - 0 19', 'move_number': 19, 'move': 'f3e1', 'prev_move': 'e7e5', 'time_diff': '0:09:41', 'exp_point_loss': 0.48549999999999993}, {'turn': 'White', 'fen': '8/pp1r2k1/1b1r3p/8/4R3/2Pp1N1P/PP4P1/3R3K w - - 13 36', 'move_number': 36, 'move': 'f3e5', 'prev_move': 'f6d6', 'time_diff': '0:00:47', 'exp_point_loss': 0.494}, {'turn': 'Black', 'fen': '8/pp1r2k1/1b1r3p/4N3/4R3/2Pp3P/PP4P1/3R3K b - - 14 36', 'move_number': 37, 'move': 'd7d8', 'prev_move': 'f3e5', 'time_diff': '0:00:35', 'exp_point_loss': 0.4775}, {'turn': 'White', 'fen': '3r4/pp6/1br2k1p/8/2N3R1/2Pp3P/PP4P1/3R3K w - - 19 39', 'move_number': 39, 'move': 'd1f1', 'prev_move': 'd6c6', 'time_diff': '0:00:41', 'exp_point_loss': 0.379}, {'turn': 'Black', 'fen': '3r4/pp2k1R1/1br4p/8/2N5/2Pp3P/PP4P1/5R1K b - - 22 40', 'move_number': 41, 'move': 'e7e8', 'prev_move': 'g4g7', 'time_diff': '0:00:33', 'exp_point_loss': 0.473}, {'turn': 'White', 'fen': '3rk3/pp4R1/1br4p/8/2N5/2Pp3P/PP4P1/5R1K w - - 23 41', 'move_number': 41, 'move': 'g7g8', 'prev_move': 'e7e8', 'time_diff': '0:00:30', 'exp_point_loss': 0.413}, {'turn': 'Black', 'fen': '3r4/pp2k1R1/1br4p/8/2N5/2Pp3P/PP4P1/5R1K b - - 26 42', 'move_number': 43, 'move': 'e7e8', 'prev_move': 'g8g7', 'time_diff': '0:00:22', 'exp_point_loss': 0.4605}, {'turn': 'White', 'fen': '8/1p6/r6p/b4N2/P6P/1kP2R1K/6P1/8 w - - 6 60', 'move_number': 60, 'move': 'h3g4', 'prev_move': 'd6a6', 'time_diff': '0:00:29', 'exp_point_loss': 0.3205}, {'turn': 'Black', 'fen': '8/1p6/r6p/b4N1K/k6P/2P2R2/6P1/8 b - - 1 61', 'move_number': 62, 'move': 'a6c6', 'prev_move': 'g4h5', 'time_diff': '0:01:11', 'exp_point_loss': 0.4665}, {'turn': 'White', 'fen': '8/1p6/2r4p/b4N1K/5R1P/k1P5/6P1/8 w - - 4 63', 'move_number': 63, 'move': 'c3c4', 'prev_move': 'a4a3', 'time_diff': '0:00:25', 'exp_point_loss': 0.4845}, {'turn': 'Black', 'fen': '8/1p6/2r4p/5N1K/2PR3P/k7/3b2P1/8 b - - 2 64', 'move_number': 65, 'move': 'd2c3', 'prev_move': 'f4d4', 'time_diff': '0:00:21', 'exp_point_loss': 0.482}]","[{'turn': 'White', 'fen': 'rnbq2k1/pp2prbp/6p1/2pp4/3P4/2N2N1P/PPP2PP1/R1BQK2R w KQ - 0 10', 'move_number': 10, 'move': 'e1g1', 'prev_move': 'c7c5', 'time_diff': '0:21:16', 'exp_point_loss': 0.14850000000000008}, {'turn': 'Black', 'fen': 'r1b3k1/pp2prb1/2n3pp/3q4/3pN3/2P2N1P/PP3PP1/R1BQR1K1 b - - 0 15', 'move_number': 16, 'move': 'd4d3', 'prev_move': 'c2c3', 'time_diff': '0:26:32', 'exp_point_loss': 0.406}, {'turn': 'Black', 'fen': '3r2k1/pp3r2/4b1pp/3qb3/4N3/2PpR2P/PP1B2P1/R3Q1K1 b - - 1 24', 'move_number': 25, 'move': 'd8f8', 'prev_move': 'd1e1', 'time_diff': '0:15:51', 'exp_point_loss': 0.013000000000000012}]"
160.0,159.9,0.16,0.16,6.48,6.23,Humpy Koneru,Tingjie Lei,Norway Chess 2025 - Women,"Stavanger, Norway",9.3,2543,2552,0.5,0.5,????.??.??,31,30,5.2,5.3,0.01,0.01,0.13,0.13,1,0,0,1,0,0,0,0,0,1,[],"[{'turn': 'Black', 'fen': '1rbq1rk1/pp2ppbp/3p1np1/P1n5/8/2N1BNP1/1PP1PPBP/R2Q1RK1 b - - 1 10', 'move_number': 11, 'move': 'c8d7', 'prev_move': 'c1e3', 'time_diff': '0:27:01', 'exp_point_loss': 0.01599999999999996}]"
161.2,138.5,0.16,0.66,8.71,16.46,Wenjun Ju,Sarasadat Khademalsharieh,Norway Chess 2025 - Women,"Stavanger, Norway",13.1,2580,2449,1.0,0.0,????.??.??,73,72,2.2,1.9,0.0,0.01,0.2,-1.03,1,0,0,1,0,1,0,0,1,0,"[{'turn': 'Black', 'fen': '1r6/4q1pk/2Q4p/3B1p2/P2p4/3Pb1P1/7P/4R2K b - - 0 40', 'move_number': 41, 'move': 'e7b4', 'prev_move': 'a3a4', 'time_diff': '0:01:05', 'exp_point_loss': 0.44}]","[{'turn': 'White', 'fen': 'r4rk1/1pqbbpp1/4p2p/p3R2Q/2Pp4/P2P2P1/1P1N1PBP/4R1K1 w - - 5 18', 'move_number': 18, 'move': 'f2f4', 'prev_move': 'c8d7', 'time_diff': '0:25:46', 'exp_point_loss': 0.009000000000000008}]"
120.2,158.7,1.24,0.73,23.88,12.12,Sarasadat Khademalsharieh,Humpy Koneru,Norway Chess 2025 - Women,"Stavanger, Norway",15.1,2449,2543,0.0,1.0,????.??.??,58,58,2.1,2.7,0.02,0.01,-2.02,0.06,0,2,1,2,0,1,0,0,0,0,"[{'turn': 'Black', 'fen': '8/6p1/1p2pk1p/5p2/PB1b1P1P/5P1K/8/8 b - - 0 49', 'move_number': 50, 'move': 'e6e5', 'prev_move': 'e1b4', 'time_diff': '0:00:37', 'exp_point_loss': 0.5}, {'turn': 'White', 'fen': '8/6p1/7p/Pp2kp2/1B1b3P/5P1K/8/8 w - - 0 52', 'move_number': 52, 'move': 'b4f8', 'prev_move': 'b6b5', 'time_diff': '0:00:22', 'exp_point_loss': 0.49250000000000005}]",[]
161.4,161.0,0.03,0.03,1.61,1.2,Tingjie Lei,Wenjun Ju,Norway Chess 2025 - Women,"Stavanger, Norway",1.3,2552,2580,0.5,0.5,????.??.??,44,44,3.7,3.7,0.0,0.0,0.2,0.18,0,0,0,0,0,0,0,0,1,2,[],"[{'turn': 'Black', 'fen': 'rq4k1/3n1pp1/2pn3p/p2p4/3P4/1PPNN1P1/2Q2P1P/R5K1 b - - 0 23', 'move_number': 24, 'move': 'b8b6', 'prev_move': 'b2b3', 'time_diff': '0:18:36', 'exp_point_loss': 0.004500000000000004}, {'turn': 'White', 'fen': 'r2q2k1/3n1pp1/2pn3p/p2p4/1P1P4/2PNN1P1/2Q2P1P/R5K1 w - - 1 25', 'move_number': 25, 'move': 'b4a5', 'prev_move': 'b6d8', 'time_diff': '0:16:47', 'exp_point_loss': 0.0010000000000000009}, {'turn': 'Black', 'fen': 'q5k1/3n1pp1/2pn3p/3p1N2/1N1P4/2P3P1/2Q2P1P/6K1 b - - 3 28', 'move_number': 29, 'move': 'd6f5', 'prev_move': 'e3f5', 'time_diff': '0:26:05', 'exp_point_loss': 0}]"
137.3,164.4,0.67,0.16,24.04,15.73,Wenjun Ju,Anna Muzychuk,Norway Chess 2025 - Women,"Stavanger, Norway",17.2,2580,2535,0.0,1.0,????.??.??,67,67,2.0,2.5,0.01,0.0,-1.09,0.37,1,0,1,1,0,0,0,0,2,0,"[{'turn': 'White', 'fen': '3r2k1/p2qb1pp/1pn5/2p1P2b/2P2p2/2BP1P2/P5BP/1R1QR1K1 w - - 1 27', 'move_number': 27, 'move': 'd3d4', 'prev_move': 'd6e7', 'time_diff': '0:05:17', 'exp_point_loss': 0.49949999999999994}]","[{'turn': 'White', 'fen': '3r1rk1/ppqbbppp/2n5/2p1p3/Q1N5/2PP2P1/P3PPBP/1RB2RK1 w - - 9 14', 'move_number': 14, 'move': 'c4e3', 'prev_move': 'e6d7', 'time_diff': '0:16:09', 'exp_point_loss': 0}, {'turn': 'White', 'fen': '3r1rk1/p2q2pp/1p1b4/2pNpp1b/2Pn4/2BP1PP1/P3P1BP/1R1QR1K1 w - - 1 22', 'move_number': 22, 'move': 'e2e3', 'prev_move': 'g4h5', 'time_diff': '0:16:45', 'exp_point_loss': 0}]"
158.2,158.3,0.47,0.46,7.41,7.09,Hikaru Nakamura,Magnus Carlsen,Norway Chess 2025,"Stavanger, Norway",3.2,2804,2837,0.5,0.5,????.??.??,34,33,4.7,4.8,0.01,0.01,0.03,0.04,0,1,0,1,0,1,2,0,0,0,"[{'turn': 'Black', 'fen': '4rrk1/bbq2ppp/p5n1/3n4/PppN2Q1/2P4P/1PBB1PP1/3RRNK1 b - - 3 21', 'move_number': 22, 'move': 'b4c3', 'prev_move': 'a1d1', 'time_diff': '0:10:06', 'exp_point_loss': 0.2310000000000001}]","[{'turn': 'White', 'fen': 'r2q1rk1/bb3ppp/p5n1/1ppn4/8/2P2N1P/PPB2PP1/R1BQRNK1 w - - 2 17', 'move_number': 17, 'move': 'a2a4', 'prev_move': 'c8b7', 'time_diff': '0:33:00', 'exp_point_loss': 0}, {'turn': 'White', 'fen': 'r2q1rk1/bb3ppp/p5n1/1p1n4/P1p5/2P2N1P/1PB2PP1/R1BQRNK1 w - - 0 18', 'move_number': 18, 'move': 'c1d2', 'prev_move': 'c5c4', 'time_diff': '0:32:13', 'exp_point_loss': 0.06499999999999995}]"
152.7,151.9,0.8,0.79,8.55,8.4,Erigaisi Arjun,Magnus Carlsen,Norway Chess 2025,"Stavanger, Norway",19.1,2782,2837,0.5,0.5,????.??.??,56,55,2.7,2.8,0.01,0.01,-0.26,-0.31,1,0,2,1,0,2,0,0,3,1,"[{'turn': 'Black', 'fen': 'Q1b1r1k1/3n1pp1/5n1p/p7/Np1q1N2/8/PP4PP/3R1R1K b - - 1 21', 'move_number': 22, 'move': 'd4e5', 'prev_move': 'a1d1', 'time_diff': '0:01:53', 'exp_point_loss': 0.4345}, {'turn': 'White', 'fen': '6k1/5p2/Q3nn1p/7r/1pN5/1P5P/P7/7K w - - 1 34', 'move_number': 34, 'move': 'h1h2', 'prev_move': 'c5h5', 'time_diff': '0:01:01', 'exp_point_loss': 0.45999999999999996}, {'turn': 'White', 'fen': '8/1Q2Np2/5n1p/6nk/1p6/1P1r4/P5K1/8 w - - 6 40', 'move_number': 40, 'move': 'b7b4', 'prev_move': 'g6h5', 'time_diff': '0:01:14', 'exp_point_loss': 0.49250000000000005}, {'turn': 'Black', 'fen': '8/3Q1p2/7p/3N2n1/3kn3/1P6/r7/4K3 b - - 5 54', 'move_number': 55, 'move': 'a2a1', 'prev_move': 'e2e1', 'time_diff': '0:00:51', 'exp_point_loss': 0.472}]","[{'turn': 'White', 'fen': 'r1bqr1k1/3nbpp1/2p2n1p/pp1p4/3P3B/2NBPP2/PPQ1N1PP/R4RK1 w - - 2 13', 'move_number': 13, 'move': 'e3e4', 'prev_move': 'f8e8', 'time_diff': '0:18:06', 'exp_point_loss': 0.0030000000000000027}, {'turn': 'White', 'fen': 'r1b1r1k1/3nqpp1/2Q2n1p/p7/Np1P4/3B4/PP2N1PP/R4RK1 w - - 1 18', 'move_number': 18, 'move': 'c6a8', 'prev_move': 'e4f6', 'time_diff': '0:17:54', 'exp_point_loss': 0}, {'turn': 'Black', 'fen': 'Q1b1r1k1/3n1pp1/5n1p/p3q3/Np3N2/8/PP4PP/2R2R1K b - - 3 22', 'move_number': 23, 'move': 'd7f8', 'prev_move': 'd1c1', 'time_diff': '0:18:12', 'exp_point_loss': 0}, {'turn': 'White', 'fen': 'Q1b1rnk1/5pp1/5n1p/p3q3/Np3N2/8/PP4PP/2R2R1K w - - 4 23', 'move_number': 23, 'move': 'c1c8', 'prev_move': 'd7f8', 'time_diff': '0:16:04', 'exp_point_loss': 0.016}]"
173.3,146.9,0.09,0.58,-0.12,13.98,Hikaru Nakamura,Gukesh D,Norway Chess 2025,"Stavanger, Norway",15.3,2804,2776,1.0,0.0,????.??.??,50,49,3.5,3.0,0.0,0.01,0.85,-0.58,1,0,0,0,0,2,0,0,2,2,"[{'turn': 'Black', 'fen': '1r3r1k/p1p2ppp/3q2N1/2b5/4Q3/3B1P2/P1P3PP/1R2R2K b - - 0 20', 'move_number': 21, 'move': 'f7g6', 'prev_move': 'e7g6', 'time_diff': '0:02:38', 'exp_point_loss': 0.26}, {'turn': 'Black', 'fen': '1r5k/p1p3pp/3q2p1/2b5/4Q3/3B1PP1/P1P4P/4R2K b - - 0 22', 'move_number': 23, 'move': 'b8f8', 'prev_move': 'g2g3', 'time_diff': '0:14:37', 'exp_point_loss': 0.3255}]","[{'turn': 'Black', 'fen': 'r4r1k/p1p1Nppp/3q4/2b4b/8/3B1P2/P1P1Q1PP/1R2R2K b - - 9 18', 'move_number': 19, 'move': 'a8b8', 'prev_move': 'd1e2', 'time_diff': '0:28:59', 'exp_point_loss': 0.003500000000000003}, {'turn': 'Black', 'fen': '5r1k/p1p3pp/3q2p1/2b5/4Q3/3B1PP1/P1P3KP/4R3 b - - 2 23', 'move_number': 24, 'move': 'c5b6', 'prev_move': 'h1g2', 'time_diff': '0:25:21', 'exp_point_loss': 0.041499999999999995}, {'turn': 'White', 'fen': '5r1k/p1p3pp/1b4p1/5q2/4QP1P/3B2P1/P1P3K1/4R3 w - - 1 26', 'move_number': 26, 'move': 'e4c4', 'prev_move': 'c5f5', 'time_diff': '0:15:01', 'exp_point_loss': 0.0005}, {'turn': 'White', 'fen': '5r1k/p1p3pp/1b4p1/4R3/2Q2P1P/q1PB2P1/P5K1/8 w - - 5 31', 'move_number': 31, 'move': 'g2h3', 'prev_move': 'd6a3', 'time_diff': '0:16:16', 'exp_point_loss': 0}]"
165.8,164.8,0.06,0.06,3.0,2.53,Yi Wei,Hikaru Nakamura,Norway Chess 2025,"Stavanger, Norway",19.3,2758,2804,0.5,0.5,????.??.??,38,38,4.4,4.3,0.0,0.0,0.44,0.39,0,0,0,0,0,0,0,0,3,1,[],"[{'turn': 'Black', 'fen': 'r3r1k1/1ppqbpp1/2np1n1p/p3p3/P3P3/2PPN2P/1P3PPN/R1BQR1K1 b - - 4 13', 'move_number': 14, 'move': 'd6d5', 'prev_move': 'f3h2', 'time_diff': '0:15:54', 'exp_point_loss': 0.0020000000000000018}, {'turn': 'White', 'fen': '3rr3/1ppqb1pk/2n2p1p/p2ppN2/P3P1P1/2PP1Q2/1P3PP1/R1B1R1K1 w - - 0 18', 'move_number': 18, 'move': 'g2g3', 'prev_move': 'f7f6', 'time_diff': '0:15:24', 'exp_point_loss': 0.010000000000000009}, {'turn': 'White', 'fen': '3rr3/1pp1n1pk/5p1p/p3p3/P3P1P1/2PqNQP1/1P3PK1/R3R3 w - - 1 23', 'move_number': 23, 'move': 'a1d1', 'prev_move': 'c6e7', 'time_diff': '0:26:10', 'exp_point_loss': 0.03849999999999998}, {'turn': 'White', 'fen': '3rr3/1pp3pk/5p1p/p2Pp3/P1q3P1/2P2QP1/1P3PK1/3RR3 w - - 1 26', 'move_number': 26, 'move': 'f3f5', 'prev_move': 'a6c4', 'time_diff': '0:15:04', 'exp_point_loss': 0}]"
160.0,160.8,0.02,0.01,1.58,1.03,Anna Muzychuk,Rameshbabu Vaishali,Norway Chess 2025 - Women,"Stavanger, Norway",19.3,2535,2481,0.5,0.5,????.??.??,33,33,4.8,4.9,0.0,0.0,0.13,0.17,0,0,0,0,0,0,0,0,0,0,[],[]
168.8,141.6,0.31,0.81,12.42,23.38,Gukesh D,Yi Wei,Norway Chess 2025,"Stavanger, Norway",17.2,2776,2758,1.0,0.0,????.??.??,40,39,4.2,3.6,0.01,0.02,0.61,-0.86,1,1,0,3,0,1,0,0,2,2,"[{'turn': 'Black', 'fen': '4rrk1/pp4pp/8/2bpq1P1/4np2/3B1Q1P/PPPBRP2/2K3R1 b - - 1 24', 'move_number': 25, 'move': 'e4d2', 'prev_move': 'e1e2', 'time_diff': '0:03:44', 'exp_point_loss': 0.467}]","[{'turn': 'White', 'fen': 'r2q1rk1/ppp1bppp/4b3/2np4/5Q2/2P1BN2/PPP2PPP/2KR1B1R w - - 0 12', 'move_number': 12, 'move': 'f3d4', 'prev_move': 'd6d5', 'time_diff': '0:17:12', 'exp_point_loss': 0.0050000000000000044}, {'turn': 'White', 'fen': 'r4rk1/pp1q1ppp/2pbb3/2np4/3N4/2P1BQ1P/PPP2PP1/2KR1B1R w - - 0 15', 'move_number': 15, 'move': 'g2g4', 'prev_move': 'c7c6', 'time_diff': '0:15:53', 'exp_point_loss': 0.0020000000000000018}, {'turn': 'Black', 'fen': 'r4rk1/pp1q1ppp/2pbb3/2np4/3N2P1/2P1BQ1P/PPP2P2/2KR1B1R b - - 0 15', 'move_number': 16, 'move': 'f7f5', 'prev_move': 'g2g4', 'time_diff': '0:15:33', 'exp_point_loss': 0.015000000000000013}, {'turn': 'Black', 'fen': '4rrk1/pp1q2pp/2pbb3/2np2P1/3N1p2/2P2Q1P/PPPB1P2/2KR1BR1 b - - 3 18', 'move_number': 19, 'move': 'e6f5', 'prev_move': 'h1g1', 'time_diff': '0:23:28', 'exp_point_loss': 0.136}]"
160.7,134.0,0.29,0.78,18.57,35.61,Humpy Koneru,Sarasadat Khademalsharieh,Norway Chess 2025 - Women,"Stavanger, Norway",5.1,2543,2449,1.0,0.0,????.??.??,42,41,3.8,3.3,0.01,0.02,0.17,-1.27,1,1,0,1,1,1,0,0,0,2,"[{'turn': 'Black', 'fen': 'r1bqr1k1/pp2bpnp/2p2np1/3pN3/3P2P1/2NBP2P/PPQ2P1B/R4RK1 b - - 0 14', 'move_number': 15, 'move': 'e8f8', 'prev_move': 'g2g4', 'time_diff': '0:16:43', 'exp_point_loss': 0.325}]","[{'turn': 'Black', 'fen': 'r1bqr1k1/pp2bpnp/2p2np1/3pN3/3P2P1/2NBP2P/PPQ2P1B/R4RK1 b - - 0 14', 'move_number': 15, 'move': 'e8f8', 'prev_move': 'g2g4', 'time_diff': '0:16:43', 'exp_point_loss': 0.325}, {'turn': 'Black', 'fen': 'r1bq1rk1/pp2bpnp/5np1/2ppNP2/3P2P1/2NBP2P/PPQ4B/R4RK1 b - - 0 16', 'move_number': 17, 'move': 'c5c4', 'prev_move': 'f4f5', 'time_diff': '0:16:26', 'exp_point_loss': 0}]"
165.5,166.8,0.01,0.01,0.84,0.54,Hikaru Nakamura,Yi Wei,Norway Chess 2025,"Stavanger, Norway",7.3,2804,2758,0.5,0.5,????.??.??,57,57,2.9,2.9,0.0,0.0,0.43,0.5,0,0,0,0,0,0,0,0,2,1,[],"[{'turn': 'White', 'fen': 'r1b2rk1/pp1n1ppp/4pn2/2b1N3/2p5/4N1P1/PP2PPBP/R1B1K2R w KQ - 2 11', 'move_number': 11, 'move': 'e5c4', 'prev_move': 'b8d7', 'time_diff': '0:25:39', 'exp_point_loss': 0.0010000000000000009}, {'turn': 'White', 'fen': '1r1r2k1/pp3ppp/4pn2/1bb5/2N5/6P1/PP1BPPBP/2R1K2R w K - 5 17', 'move_number': 17, 'move': 'c4a3', 'prev_move': 'f8d8', 'time_diff': '0:29:52', 'exp_point_loss': 0.0010000000000000009}, {'turn': 'Black', 'fen': '2rr2k1/p4ppp/bp2pn2/8/8/P4PP1/PR1BP1BP/4K2R b K - 2 21', 'move_number': 22, 'move': 'f6e8', 'prev_move': 'b1b2', 'time_diff': '0:16:54', 'exp_point_loss': 0.0035000000000000586}]"
165.2,164.7,0.07,0.06,2.98,2.64,Yi Wei,Erigaisi Arjun,Norway Chess 2025,"Stavanger, Norway",1.1,2758,2782,0.5,0.5,????.??.??,53,53,3.1,3.1,0.0,0.0,0.41,0.39,0,0,0,0,0,0,0,0,1,0,[],"[{'turn': 'White', 'fen': 'r2r2k1/p1q1bppp/2p2n2/3p4/Q3P3/1P6/PB1N1PPP/R4RK1 w - - 3 15', 'move_number': 15, 'move': 'a1c1', 'prev_move': 'f8d8', 'time_diff': '0:17:34', 'exp_point_loss': 0.006000000000000005}]"
166.7,167.7,0.01,0.01,1.9,1.1,Magnus Carlsen,Hikaru Nakamura,Norway Chess 2025,"Stavanger, Norway",13.2,2837,2804,0.5,0.5,????.??.??,21,20,7.9,8.4,0.0,0.0,0.49,0.54,0,0,0,0,0,0,0,0,0,0,[],[]
161.6,130.2,0.42,0.92,18.41,321.33,Tingjie Lei,Humpy Koneru,Norway Chess 2025 - Women,"Stavanger, Norway",17.3,2552,2543,1.0,0.0,????.??.??,34,33,4.8,3.9,0.01,0.03,0.22,-1.48,2,1,0,1,0,1,0,1,0,1,"[{'turn': 'Black', 'fen': '2k2b1r/pp3p2/2p1b2p/q3P1p1/3QPn2/2N2NPP/PP3P2/2K2B1R b - - 0 22', 'move_number': 23, 'move': 'f8c5', 'prev_move': 'g2g3', 'time_diff': '0:05:02', 'exp_point_loss': 0.991}]","[{'turn': 'Black', 'fen': 'r3kb1r/ppq2p2/2p1b2p/3pP1pn/Q7/2NBPN2/PP3PPP/R3K2R b KQkq - 2 13', 'move_number': 14, 'move': 'e6d7', 'prev_move': 'd1a4', 'time_diff': '0:16:12', 'exp_point_loss': 0.016500000000000015}, {'turn': 'Black', 'fen': 'r3kb1r/ppqb1p2/2p1n2p/4P1p1/2Q1P3/2NB1N1P/PP3PP1/R3K2R b KQkq - 2 17', 'move_number': 18, 'move': 'e6f4', 'prev_move': 'd4c4', 'time_diff': '0:32:23', 'exp_point_loss': 0.07150000000000001}]"
167.1,165.2,0.04,0.03,3.55,3.07,Yi Wei,Magnus Carlsen,Norway Chess 2025,"Stavanger, Norway",15.2,2758,2837,0.5,0.5,????.??.??,31,30,5.4,5.5,0.0,0.0,0.51,0.41,0,0,0,0,0,0,0,0,1,0,[],"[{'turn': 'White', 'fen': 'r1bqk2r/1ppp1pp1/p1n2n1p/2b1p3/B3P3/P1NP1N2/1PP2PPP/R1BQK2R w KQkq - 2 8', 'move_number': 8, 'move': 'a4c6', 'prev_move': 'd6c5', 'time_diff': '0:26:39', 'exp_point_loss': 0}]"
104.6,154.2,1.62,1.11,21.32,13.65,Tingjie Lei,Sarasadat Khademalsharieh,Norway Chess 2025 - Women,"Stavanger, Norway",7.1,2552,2449,0.0,1.0,????.??.??,71,71,1.5,2.2,0.02,0.02,-2.86,-0.18,1,4,1,3,0,2,0,0,0,1,"[{'turn': 'Black', 'fen': '4rrk1/1pp2p1n/p4q1p/2b1N1p1/P7/2P3B1/1P2QPPP/4RR1K b - - 2 20', 'move_number': 21, 'move': 'f6e6', 'prev_move': 'a1e1', 'time_diff': '0:12:12', 'exp_point_loss': 0.3175}, {'turn': 'Black', 'fen': '5r2/1pp2pkn/p7/6pQ/P1q5/2P3B1/1P4PP/4R1K1 b - - 0 27', 'move_number': 28, 'move': 'c4c5', 'prev_move': 'f1e1', 'time_diff': '0:07:40', 'exp_point_loss': 0.4635}, {'turn': 'White', 'fen': '8/4k3/1R4p1/p5p1/1nr5/p1B3PP/1P6/6K1 w - - 0 57', 'move_number': 57, 'move': 'c3f6', 'prev_move': 'a4a3', 'time_diff': '0:00:23', 'exp_point_loss': 0.5}]","[{'turn': 'Black', 'fen': '4rrk1/bpp2p1n/p4q1p/4N1p1/P7/2P3B1/1P2QPPP/R4R1K b - - 0 19', 'move_number': 20, 'move': 'a7c5', 'prev_move': 'd1e2', 'time_diff': '0:16:32', 'exp_point_loss': 0.005500000000000005}]"
174.1,148.2,0.07,0.57,3.24,184.53,Magnus Carlsen,Gukesh D,Norway Chess 2025,"Stavanger, Norway",1.3,2837,2787,1.0,0.0,????.??.??,55,55,3.2,2.7,0.0,0.01,0.89,-0.51,0,0,0,0,0,1,0,1,1,1,"[{'turn': 'Black', 'fen': 'R4Q2/6pk/8/8/3P4/2N3r1/3K4/7q b - - 0 46', 'move_number': 47, 'move': 'h1h6', 'prev_move': 'f7f8q', 'time_diff': '0:00:36', 'exp_point_loss': 0.5}]","[{'turn': 'White', 'fen': 'r2q1rk1/pp2bpp1/2n1pn1p/2pp4/3P1B2/2P1PNN1/PP2QPPP/R3K2R w KQ - 0 11', 'move_number': 11, 'move': 'a1d1', 'prev_move': 'h7h6', 'time_diff': '0:15:18', 'exp_point_loss': 0.0015000000000000568}, {'turn': 'Black', 'fen': 'r2q1rk1/pp2bpp1/2n1pn1p/2pp4/3P1B2/2P1PNN1/PP2QPPP/3RK2R b K - 1 11', 'move_number': 12, 'move': 'd8a5', 'prev_move': 'a1d1', 'time_diff': '0:31:30', 'exp_point_loss': 0.000500000000000056}, {'turn': 'Black', 'fen': 'r2r2k1/pp1n1pp1/q3p2p/2pp3N/3P1Q1P/P1P1P3/1P3PP1/3RK2R b K - 0 19', 'move_number': 20, 'move': 'e6e5', 'prev_move': 'f3f4', 'time_diff': '0:16:11', 'exp_point_loss': 0.006000000000000005}]"
